match_id,over_id,ball_number,innings_num,participant
829822,19,6,2,400
829788,12,2,1,50
419140,20,4,2,1
548373,15,4,1,451
980958,10,6,2,42
829798,9,2,2,187
336024,20,3,1,141
980978,17,3,2,187
501269,11,4,2,446
980986,2,1,1,413
501256,4,4,1,221
598039,13,2,2,223
829826,10,4,2,162
598028,9,6,2,77
829718,17,2,1,236
598058,17,1,2,31
419137,6,3,2,64
501231,18,5,1,27
392206,9,6,1,171
598065,4,5,1,357
548339,10,2,1,302
392221,15,2,2,97
392200,2,7,2,161
392218,14,5,2,124
980998,8,5,2,50
548359,19,2,2,32
729322,19,5,2,354
829764,18,2,1,62
829778,13,6,1,71
548375,20,1,2,87
733994,20,5,1,306
419131,5,4,1,31
734018,17,2,1,110
419153,20,3,1,81
392242,20,7,1,56
501272,20,6,1,194
548359,2,3,2,266
419149,11,3,2,87
980932,11,2,1,407
419135,5,5,2,221
980946,5,5,2,17
733994,20,5,1,85
501213,20,1,2,84
392234,3,6,1,97
729292,12,2,1,17
548313,20,3,1,194
598023,13,3,2,340
548377,2,4,2,79
501265,4,7,2,67
419133,6,1,1,14
598017,3,1,2,162
336012,7,5,1,53
501229,8,4,2,208
734050,20,1,1,147
829820,6,3,1,57
598072,5,6,2,96
419138,16,3,1,156
548384,11,1,2,71
419128,10,2,2,124
980980,3,3,1,2
548346,18,3,1,274
598060,20,3,1,88
501266,20,3,2,248
598042,14,2,2,133
336000,14,7,2,86
392211,20,4,1,135
392221,4,4,1,153
598014,13,3,1,253
548344,6,2,1,221
598003,6,5,1,40
548341,14,1,2,110
501224,16,5,1,216
419135,6,2,2,209
548349,6,3,2,89
980920,4,2,1,334
501241,20,2,2,248
419134,20,4,1,121
501259,5,4,2,77
419123,20,2,2,183
501229,6,1,1,26
829742,14,4,1,140
501216,5,5,2,19
392196,19,5,1,29
419136,14,4,2,232
392235,13,1,2,171
392202,16,1,1,162
734022,20,6,1,351
501226,12,2,2,50
392239,12,1,2,120
729290,20,4,1,80
980930,16,5,2,416
501267,2,2,1,31
335999,17,4,1,53
419165,9,6,1,73
598052,16,6,2,299
829724,19,6,1,161
392211,18,2,2,121
548356,7,5,2,131
598040,11,6,2,190
729304,12,5,1,378
598072,6,2,1,360
829808,3,1,1,162
829776,10,1,1,378
501275,11,4,2,175
548328,20,4,1,9
729312,13,6,2,305
598017,18,7,1,21
734050,13,1,1,20
501272,2,1,2,276
501221,4,5,2,112
598077,10,4,1,208
501257,14,4,1,79
734046,5,6,2,48
392225,6,5,1,190
734042,15,6,1,284
419128,1,6,2,9
548354,13,6,1,232
392201,17,5,1,61
419131,7,3,2,54
548376,3,6,1,321
980940,6,5,1,187
336014,20,1,1,127
336031,15,2,2,113
419149,18,4,2,1
829828,19,5,1,303
980980,18,4,2,190
335998,3,3,1,18
336018,5,3,2,127
598005,9,3,2,10
501254,18,3,2,20
392229,2,5,2,18
392221,10,6,2,112
501246,13,5,2,56
980932,11,2,2,311
980952,13,6,2,31
734020,6,4,1,31
336022,14,2,1,110
419115,16,3,2,205
419159,11,4,2,39
729312,6,1,2,41
501234,11,4,2,42
829740,6,3,1,339
598061,19,6,1,100
419134,11,6,1,109
980930,13,1,1,308
829722,18,1,1,207
548384,5,6,2,185
548360,3,2,2,71
598016,8,1,1,253
336034,19,3,2,132
501266,20,3,2,201
980926,1,3,1,322
980962,2,5,1,407
829756,18,4,2,403
419152,5,4,2,156
501264,20,6,1,94
598037,18,5,1,32
501263,2,3,2,238
392224,8,6,1,171
548352,13,6,1,2
392214,9,2,2,185
419119,10,1,2,133
548383,3,1,2,315
733984,15,1,2,306
548348,11,2,2,236
392243,2,4,2,109
336007,20,4,1,81
335990,14,3,1,81
336041,8,1,2,133
734020,10,5,2,183
419156,19,1,1,9
419114,18,3,1,87
548383,19,5,2,140
598025,13,5,1,64
729314,16,5,2,15
598004,12,4,1,88
335998,15,4,1,22
419153,20,1,1,6
829738,5,3,2,395
981024,16,6,1,434
829728,6,5,1,316
729310,13,5,2,349
829752,16,6,2,27
336018,5,3,2,23
501213,20,2,1,270
392239,20,4,1,67
598039,20,2,1,40
548329,11,2,1,270
598041,19,3,2,162
501264,9,1,2,157
335997,3,2,1,38
733998,7,3,1,163
501262,16,1,2,53
501229,15,4,2,57
501243,7,3,1,288
548383,6,5,1,183
392206,15,5,1,88
980970,14,2,2,154
501213,17,6,2,93
598013,18,2,1,346
598049,6,7,2,237
501257,10,3,1,239
548348,20,1,2,4
335987,6,2,2,5
419145,12,5,2,88
598025,14,5,2,20
734008,8,7,1,359
829824,5,5,2,401
336045,20,1,1,32
598032,6,4,2,346
829782,18,6,2,377
548320,17,5,1,8
980940,10,2,1,429
419158,16,5,1,185
980940,10,5,2,320
336017,8,1,1,149
419145,6,4,1,181
733992,5,3,1,35
392220,1,3,1,73
829730,19,2,2,185
501248,18,3,1,54
598072,8,2,2,27
336033,19,5,2,29
336010,11,1,2,120
598025,18,3,2,20
598067,5,4,2,21
548311,9,3,2,186
419140,6,6,1,57
598055,16,6,2,131
392191,3,2,1,2
501235,19,6,1,82
419136,14,4,2,88
548360,15,1,1,323
501262,17,4,1,285
548349,19,4,1,135
733994,20,5,2,299
392224,20,6,1,171
548361,12,5,1,110
548329,5,4,2,196
419153,17,3,1,10
829758,16,2,1,320
419116,4,4,2,238
829822,20,7,1,303
419142,20,4,1,211
392214,14,5,2,22
829756,6,4,1,94
598008,14,3,1,333
419139,11,6,2,237
729318,15,3,1,197
829720,17,3,1,310
548363,6,4,1,238
980952,14,5,1,407
981024,19,1,2,163
501227,20,7,1,283
419169,7,1,1,124
829742,18,4,1,296
501263,2,3,2,47
598074,15,2,2,140
336044,3,2,1,109
501223,4,5,1,126
598012,19,2,1,350
548337,20,6,1,35
501225,20,1,2,88
392199,2,2,1,175
548379,6,5,1,322
598061,18,2,2,17
419164,10,4,2,27
392197,11,5,2,53
392227,12,4,1,50
392209,11,6,2,177
548315,8,2,1,183
392227,2,2,1,48
336025,7,1,2,88
829738,20,4,1,284
419134,18,3,1,121
419151,19,3,2,133
598071,19,6,1,356
419168,6,1,2,18
336019,13,2,2,128
419152,5,4,2,185
980936,20,3,2,140
829762,7,2,1,88
335991,18,4,1,62
981018,6,3,2,14
335996,16,2,2,24
598017,20,6,1,19
734048,14,3,2,284
392238,12,3,2,196
981022,9,2,2,254
548344,18,2,2,236
598030,18,1,1,53
419168,18,4,2,21
548385,3,2,2,35
548371,3,2,2,120
598006,11,8,2,77
392225,20,5,1,31
829786,12,4,2,31
336001,20,4,2,119
980980,14,5,2,308
501255,19,5,1,1
598004,12,4,1,221
829786,18,6,1,187
392225,14,1,2,56
981016,12,2,1,354
729308,18,4,1,303
501262,18,4,2,100
501224,20,5,2,35
598003,16,2,1,63
392211,16,5,2,151
501206,7,6,1,208
548361,14,5,2,42
501261,12,2,2,131
501267,20,3,1,284
336025,18,3,2,117
336008,12,3,1,1
734036,20,4,1,293
733992,8,4,2,305
980914,6,6,2,96
980952,9,5,1,400
548337,8,6,1,303
981018,17,3,1,270
419143,16,3,2,42
548348,18,2,1,62
548315,8,3,2,79
734044,17,6,1,197
419115,19,1,1,23
598012,18,2,1,20
829724,12,6,1,161
981000,16,2,1,434
734050,7,2,2,375
501226,4,4,1,248
501260,3,3,1,8
598068,6,4,2,57
419145,16,5,2,88
548352,2,4,1,9
501203,16,2,2,21
980958,17,5,1,463
729284,16,2,2,190
548371,20,5,1,188
548362,6,4,1,116
501238,18,6,2,41
548371,13,2,2,42
980922,4,3,1,80
598014,5,5,2,309
336007,15,6,1,94
829806,14,2,2,2
336043,10,5,2,126
501235,11,3,2,140
598018,11,3,2,352
734020,9,3,1,308
734034,19,1,2,201
336011,16,5,1,134
501274,4,2,1,57
501264,9,1,2,96
501269,17,1,1,100
829794,12,6,2,71
392244,4,3,1,124
419123,19,2,1,87
501207,4,3,1,235
829800,15,2,2,402
501240,20,2,1,52
829778,13,6,1,2
598035,14,2,2,84
980914,4,4,1,50
733992,5,3,1,20
734044,10,4,1,374
734020,2,3,1,308
501228,13,1,2,190
729306,12,2,2,362
501213,3,5,1,15
548327,20,2,1,191
980960,18,2,1,35
598021,1,1,2,329
392242,1,6,1,256
548375,16,4,1,133
733980,20,3,1,80
734008,5,2,2,85
829806,6,6,1,393
829730,20,3,2,395
501234,11,4,2,136
501211,11,1,2,377
548385,3,2,2,109
336014,19,1,2,88
598066,20,3,1,40
729322,19,2,1,360
392205,20,5,2,27
392202,19,5,1,84
548332,13,6,1,110
598036,13,5,1,40
598037,3,3,2,166
598013,10,1,2,315
729294,16,6,2,31
598045,5,1,2,95
392194,11,3,2,439
829714,11,6,1,62
734044,4,2,2,87
392202,19,5,1,170
392216,13,7,1,171
336015,8,3,1,81
598015,1,4,1,325
392227,12,4,1,71
336025,20,5,1,54
419168,16,2,2,18
729292,7,5,1,378
501260,11,4,2,66
548377,3,2,1,54
501227,18,2,1,110
548340,15,1,1,87
548330,8,6,2,304
392211,19,4,1,110
733992,12,6,2,356
419136,9,1,2,136
829810,6,5,1,190
336002,16,4,1,44
501247,19,4,2,77
598034,11,6,2,9
419133,6,1,1,46
392191,3,2,1,170
980938,2,6,1,400
829756,19,4,2,50
598072,20,5,2,46
729318,4,5,1,367
501256,13,3,2,302
419140,19,1,1,206
980998,7,3,1,350
335997,1,2,1,38
729318,10,2,1,151
548316,12,3,2,21
501244,20,4,1,26
734054,14,4,2,392
829802,12,5,2,21
419115,18,2,1,201
335991,5,2,2,57
548371,17,4,2,42
392197,15,3,2,112
548339,10,2,1,4
829780,18,6,1,357
980984,20,3,2,73
980922,20,5,1,186
829738,8,4,2,395
501209,8,1,1,52
392205,1,2,2,68
548373,18,2,1,185
598029,17,2,1,334
829782,16,3,2,255
501249,8,4,2,33
392210,2,6,2,172
336040,13,4,1,4
734048,12,6,2,232
829828,1,5,1,147
598019,9,4,1,39
501228,14,6,1,234
598034,12,4,1,147
548374,19,1,1,232
392241,10,2,1,178
829718,15,4,2,308
392209,12,6,1,24
548335,19,5,1,73
829786,18,6,2,308
829810,5,2,1,190
598012,3,5,1,223
598017,17,4,1,21
419137,16,5,1,79
336042,4,2,2,97
419154,15,6,1,24
419169,7,1,1,6
548362,18,2,2,293
419139,18,4,2,88
548377,18,5,2,162
336038,19,4,2,37
419121,14,4,2,171
598076,7,4,2,10
733982,19,7,1,380
392226,5,2,1,12
548364,12,6,1,313
548326,12,6,1,232
980992,5,6,2,296
501247,15,4,1,66
419160,3,2,1,171
829766,20,6,1,27
829718,20,6,1,236
729298,3,1,2,201
335987,13,1,1,7
336031,18,4,1,89
548372,18,5,1,50
501254,18,3,2,62
734050,10,3,2,57
392224,9,3,2,83
729298,19,6,1,87
548337,17,1,2,309
734004,3,3,1,339
829720,19,1,2,260
419133,17,5,2,223
336015,12,2,1,11
733996,3,1,2,62
598020,18,3,2,253
733996,7,5,1,296
501241,13,3,1,84
981006,17,5,1,186
829824,9,1,2,311
501232,7,2,1,15
548386,11,2,1,89
734028,11,3,1,232
598016,9,2,1,191
829754,10,5,1,401
981016,15,7,1,369
598016,17,4,2,50
501250,6,5,1,346
419122,12,4,1,228
548321,7,3,1,41
419139,14,3,2,222
336012,1,6,1,53
548311,10,5,1,88
501266,9,4,1,77
981008,16,2,1,351
392186,6,5,1,201
501253,16,4,1,27
392228,17,6,2,136
598044,5,5,1,26
336011,16,5,1,67
419134,20,2,1,109
598028,10,5,1,8
419152,5,1,2,185
419111,5,6,1,61
733998,7,3,1,354
419166,20,6,1,87
598021,20,6,2,333
501204,5,5,1,169
501214,5,3,1,276
501248,18,5,2,112
336022,16,6,2,84
729306,17,5,2,54
598052,20,5,1,351
501235,19,6,1,285
829826,17,3,2,8
980952,13,6,2,334
729284,18,6,1,57
548311,10,5,1,57
548375,13,6,2,9
598024,7,1,2,297
419145,12,5,2,89
829816,14,2,2,85
419170,17,6,2,185
336043,7,6,1,118
335991,17,3,2,61
392220,8,4,1,89
336031,15,2,2,93
734038,14,1,2,320
729290,16,6,2,354
501234,3,2,1,2
336009,7,1,2,48
548361,14,1,2,17
598003,6,5,1,214
392221,18,6,2,131
548338,14,6,2,171
734038,14,1,2,151
501276,15,5,1,15
501247,19,4,2,2
392189,6,2,1,57
829728,4,3,1,316
829808,5,2,1,162
501212,5,5,1,27
980922,17,1,2,50
548348,16,5,1,62
501272,2,1,2,89
548368,2,2,2,126
548315,6,6,1,305
829756,15,5,2,194
734022,5,2,2,383
392190,16,6,1,158
548320,14,3,1,81
734022,19,5,2,383
829800,9,1,2,382
598038,18,2,1,61
980948,9,1,1,303
501274,13,5,2,151
392188,12,6,1,91
980964,20,5,1,308
829754,10,5,1,8
548337,20,6,1,303
598023,5,2,2,355
501248,18,5,2,65
980992,20,6,1,370
598068,16,6,1,6
598013,13,5,1,346
419142,19,3,2,109
392228,3,6,2,187
335998,18,2,1,119
501241,18,5,1,256
501265,7,6,2,167
335987,9,8,2,63
336011,9,4,2,7
733976,6,2,2,359
829828,18,4,2,194
598051,16,2,2,133
336019,9,1,2,62
548326,12,6,1,158
729294,2,4,1,88
598036,7,1,1,9
501203,17,3,2,109
419155,4,5,1,38
598026,9,6,1,331
336014,15,1,2,40
419134,19,1,2,238
419163,9,4,1,191
548354,11,2,2,196
336000,18,7,2,91
392210,1,4,2,54
501267,20,3,1,9
729292,4,6,1,382
419120,15,1,1,14
734000,8,7,2,221
501246,4,4,2,133
548320,18,2,1,110
729288,20,6,1,203
729306,13,2,2,42
336028,11,2,2,36
336025,19,2,2,117
419156,11,3,2,178
733990,6,3,1,315
598018,8,4,1,84
336044,19,6,1,23
335995,20,7,1,31
501234,17,5,1,77
829744,5,4,2,27
548316,12,3,2,201
548361,14,1,2,26
419113,15,5,1,40
419134,4,6,1,18
548315,8,3,2,8
501208,14,6,2,40
392223,2,3,1,244
419113,8,3,2,64
829796,8,3,2,329
729308,5,4,1,451
734020,19,1,1,31
981014,20,1,2,31
598012,15,1,1,23
980986,11,1,1,403
598061,20,1,2,94
501260,4,5,1,242
734030,3,1,1,14
548316,12,3,2,71
392212,15,1,2,1
548371,13,2,2,10
548348,19,4,1,20
419124,17,6,2,44
980958,20,6,2,394
598070,14,3,2,10
501209,1,3,1,85
548354,13,2,1,158
419147,17,3,2,248
734042,13,2,1,232
829762,13,1,1,296
980924,20,6,1,412
548321,1,1,1,199
335995,3,1,2,59
419152,17,6,1,188
419124,15,3,2,71
501248,1,2,2,94
392204,9,3,1,158
336037,20,1,1,136
734016,5,4,2,306
419133,15,5,2,198
598058,19,4,1,299
548341,12,1,2,181
548316,4,8,2,109
501216,20,6,1,110
501264,9,1,2,267
336033,14,1,2,139
392208,19,6,2,180
598047,16,1,1,254
336043,7,6,1,42
598021,15,7,2,236
598033,20,5,1,353
598058,19,4,1,27
980986,16,2,2,382
598055,15,1,2,357
598017,20,6,1,364
598077,13,1,1,147
598051,16,2,2,50
829754,5,3,2,339
501275,15,4,1,289
501247,14,6,2,81
336043,4,6,2,101
392188,11,3,1,88
733986,15,2,1,2
829782,19,2,1,260
981020,2,5,2,187
548319,7,6,1,194
598060,20,6,1,57
829722,8,3,2,62
548355,16,2,1,4
598062,14,1,1,31
598045,19,2,1,190
980974,19,5,1,354
980930,15,5,1,46
829714,14,1,2,255
598075,9,2,2,19
980930,17,6,1,96
981010,5,4,2,356
980980,6,5,1,14
392187,5,5,1,35
980980,17,3,2,190
419130,9,5,2,186
980968,17,5,1,62
548311,18,1,1,57
829714,9,5,2,351
335998,20,6,1,121
598054,12,6,1,32
548311,16,1,1,246
980908,10,5,2,371
981008,20,6,1,351
548320,7,2,1,110
548381,19,1,2,331
829780,19,6,2,57
829752,5,2,2,191
548331,19,1,2,211
598060,5,3,2,366
392197,11,5,2,256
598004,10,6,2,162
548377,20,7,2,110
419149,19,2,2,62
548344,11,5,2,67
419131,19,5,1,229
501233,14,2,1,185
419152,17,6,1,178
980984,11,2,1,89
419127,7,5,2,62
981012,4,5,1,147
336040,19,3,2,77
598003,8,2,2,232
598073,8,4,2,81
548376,5,3,1,67
980968,4,1,2,190
980994,5,3,1,190
501269,19,6,2,42
734052,13,5,2,357
598017,9,5,1,23
548315,12,4,2,311
419141,2,4,1,9
336045,7,4,2,120
548341,8,2,2,260
336019,20,3,1,54
729316,14,6,2,187
980994,5,3,1,96
598032,14,3,2,8
980962,12,4,2,423
335988,6,6,2,120
336039,18,1,2,124
598056,13,5,2,350
733982,20,1,2,254
980956,8,5,2,339
392235,2,5,2,73
598017,17,6,1,185
829784,17,5,2,71
598033,17,1,2,333
392210,18,6,2,131
392209,1,5,1,243
734012,8,1,2,136
829720,10,6,2,386
419123,9,2,1,191
392233,20,4,1,54
548370,1,6,2,335
392200,5,1,2,78
392200,5,1,1,168
548375,15,1,1,194
548351,13,6,1,275
501243,6,1,2,54
829776,8,2,2,232
336034,10,6,1,23
548337,17,1,2,266
598017,17,6,1,223
598013,3,4,2,210
548355,19,5,2,110
501212,12,2,2,259
598045,16,3,1,73
829808,5,6,2,345
336029,19,5,2,45
392203,3,6,1,137
733990,12,5,1,315
598077,18,3,2,277
419159,11,4,2,160
336011,16,5,1,76
734032,7,6,1,378
392193,11,3,2,165
419159,11,1,1,6
729300,15,1,2,203
419133,15,5,2,41
335996,19,2,1,73
548326,3,2,1,82
729310,11,3,1,363
980946,20,5,1,100
829752,17,3,2,191
548336,2,6,2,236
548320,10,1,2,63
548371,3,2,2,450
501212,3,5,1,46
829802,10,6,2,303
548330,6,1,2,221
501205,9,6,1,260
734024,3,4,1,197
392240,15,2,2,80
829786,5,5,2,31
548340,16,4,1,95
336007,13,3,1,12
829824,15,6,2,402
548332,13,6,1,311
981024,14,5,2,429
419146,3,4,1,53
419121,13,3,1,23
598029,19,6,1,177
392186,15,3,1,17
501217,11,6,1,243
392217,18,1,1,47
501265,20,5,1,33
336016,20,2,1,138
598043,10,1,2,20
419164,5,1,2,153
392241,10,2,1,57
501241,14,2,2,278
980920,4,2,1,276
392231,19,1,1,29
829820,10,2,1,50
548362,20,5,1,87
392242,20,4,1,57
829812,5,1,2,216
829718,5,5,2,40
829770,18,1,2,35
733988,16,3,2,57
419129,4,4,1,67
729302,11,1,1,310
419122,20,1,2,60
419117,16,5,1,46
980978,12,1,2,183
980934,14,1,1,460
392231,4,1,2,110
392196,13,3,2,157
598076,11,6,1,351
501235,12,5,1,41
729308,5,4,1,359
419168,8,2,2,201
734006,10,5,1,50
501268,20,4,1,196
419146,11,1,2,31
392227,18,6,1,194
501239,5,2,2,14
392241,7,5,2,6
501212,3,5,1,274
980998,8,5,2,57
392197,19,4,1,44
501252,19,3,1,79
501205,19,4,1,15
734024,19,1,1,387
419131,18,7,1,226
729300,15,1,2,374
548334,18,3,1,296
392223,14,2,2,193
829724,19,3,1,354
548332,3,4,2,1
548377,18,5,2,121
598005,18,1,2,280
734020,14,2,1,40
729318,4,5,1,320
501251,3,6,2,133
419131,1,4,1,212
392203,3,3,1,31
336011,17,1,1,29
336022,16,4,1,40
501237,12,4,2,270
501211,6,5,2,377
980930,4,4,1,315
419119,9,5,2,15
501269,19,6,2,94
733990,18,2,2,63
829812,3,5,2,14
548331,16,2,2,94
980968,17,5,1,374
336001,20,5,1,52
501237,6,1,2,135
829780,13,2,1,185
392203,3,6,1,101
598033,4,6,2,367
829714,19,6,2,351
548322,20,4,2,304
501244,6,5,2,140
829756,9,4,2,403
419116,18,1,1,41
419124,18,5,1,94
981014,8,3,1,27
336042,4,3,1,107
980908,18,4,1,411
829776,4,5,1,378
598005,19,5,2,17
392187,5,5,1,126
733980,10,6,2,346
829798,4,5,1,27
336000,14,7,2,40
981018,5,5,2,21
598010,3,3,1,31
598060,5,3,2,48
829728,1,1,1,232
829762,18,3,1,311
335997,16,6,2,16
419166,3,5,1,4
336007,13,3,1,94
501274,4,2,1,126
548374,6,2,2,100
419123,13,6,1,191
733976,15,3,1,31
419141,7,6,2,67
734012,8,1,2,163
336022,3,4,2,103
419125,5,5,1,222
980924,20,2,1,62
548353,13,4,2,42
733996,7,5,1,109
598023,5,3,2,10
729306,17,5,2,183
981008,17,1,2,42
981018,4,4,1,382
419116,4,4,2,101
501225,16,7,1,169
392188,11,6,1,88
392221,4,4,1,29
392214,18,6,1,61
829722,4,3,2,320
548385,9,1,1,337
548326,18,3,1,199
829770,6,1,2,2
548326,18,6,1,190
501211,1,2,1,100
598004,12,4,1,126
548314,16,4,2,196
598040,5,1,1,299
829780,13,2,1,392
336002,12,6,1,149
501243,19,6,1,81
501265,4,7,2,4
336032,19,3,1,39
392205,10,2,2,67
980960,7,4,2,62
598037,2,6,1,309
829810,20,1,2,17
419135,17,4,1,56
419133,12,4,1,46
734052,13,8,1,147
548326,18,6,1,82
419170,2,4,2,21
980936,19,3,2,236
729294,4,6,2,308
336005,20,4,1,106
501208,14,6,2,214
598020,13,3,1,23
392223,18,2,2,133
829762,13,1,1,162
981004,13,2,2,369
336031,18,4,1,42
419125,15,5,2,61
419141,5,1,2,228
980976,7,6,1,355
501218,7,6,2,171
392210,20,2,1,184
501257,17,3,1,239
733978,12,5,1,207
734008,20,4,1,20
392229,17,1,1,46
734000,18,7,1,21
501203,20,2,2,186
734048,18,3,2,232
548365,16,4,1,162
733976,11,4,1,31
336017,13,2,1,73
392218,14,5,2,189
829784,5,6,2,2
501249,2,6,2,261
598049,17,4,1,84
548335,16,3,1,157
419134,4,6,1,119
392223,18,2,2,193
501204,13,6,1,196
548368,3,2,1,40
336013,14,1,1,73
548341,15,5,2,110
548377,2,4,2,311
392197,7,5,1,42
548312,12,6,1,199
548318,5,6,1,137
729308,8,4,2,208
829742,14,4,1,382
729286,4,3,1,17
548375,19,1,1,147
729284,20,6,2,315
980936,19,3,2,363
598053,6,1,2,94
501260,13,2,1,33
419121,16,2,2,223
598017,11,3,2,61
419155,3,4,2,154
598047,7,6,2,81
548382,2,5,1,133
829750,2,5,1,88
419154,11,6,2,90
501221,15,2,2,131
336026,1,6,2,63
598062,18,1,1,315
501206,15,2,1,126
980912,9,4,2,162
548376,3,6,1,67
733978,3,1,1,208
548325,15,5,2,6
829744,14,5,1,31
829816,11,5,1,96
336001,19,5,2,120
501246,1,1,2,208
548321,6,6,2,23
598021,15,7,2,53
392203,6,5,1,160
419120,6,1,1,8
548358,19,1,1,306
548384,9,1,2,71
501269,16,3,2,446
392233,15,5,1,61
419135,13,1,1,54
829816,14,4,2,350
501262,18,4,2,88
980964,11,1,2,32
598038,20,2,1,135
598003,12,6,1,66
548315,8,3,2,15
734036,20,4,1,154
548383,16,6,1,64
392207,20,4,1,101
829774,11,4,1,80
980984,4,2,1,106
829800,4,1,1,57
548329,16,4,2,104
336045,18,5,2,109
548333,6,5,2,137
598062,18,1,1,151
981016,2,2,1,162
501205,16,1,1,79
336043,2,3,2,126
548346,10,5,2,154
392215,6,6,2,35
419161,2,3,2,24
729322,3,4,2,354
829722,18,1,1,194
548326,12,6,1,199
734014,12,5,1,67
336008,9,6,1,84
392217,18,1,1,48
419167,14,4,2,79
501247,19,4,2,104
548340,20,2,1,87
548327,12,3,1,73
336040,13,4,1,63
501272,9,1,2,89
548320,15,3,2,9
829804,16,2,1,367
419139,11,3,2,187
598024,7,1,2,39
336013,16,5,1,48
598026,3,6,1,325
501260,4,5,1,8
598058,4,3,2,151
501209,11,5,2,29
829762,19,2,1,401
980960,19,6,2,367
548367,4,5,2,15
419118,14,2,2,120
392222,13,2,1,121
501213,17,5,2,120
734016,20,7,1,52
419116,2,2,1,110
829786,11,6,1,216
392193,8,2,2,61
598018,11,3,2,9
548370,18,2,2,335
501225,18,1,2,48
598006,19,5,1,192
501263,19,3,1,61
335997,12,4,1,126
829812,3,5,2,183
548316,9,1,1,258
733982,4,6,1,382
980922,9,3,2,413
392228,17,6,2,41
419133,17,5,2,41
548335,19,5,1,1
980980,3,3,1,35
548331,14,1,1,85
548377,5,2,2,260
829824,16,6,2,402
501236,10,6,1,277
335988,13,2,1,29
335993,20,2,1,88
336020,5,6,2,40
392196,7,4,2,75
980990,18,2,1,422
829792,18,4,1,306
335996,18,4,1,71
980978,4,6,2,27
501227,5,5,1,15
419122,17,1,2,53
419125,19,3,2,131
734022,6,3,2,388
419145,16,5,2,90
336038,15,6,2,30
598020,20,1,2,299
981012,18,5,1,433
981018,2,4,1,32
980938,13,4,2,351
392217,18,1,1,115
829728,4,3,1,232
419137,17,5,1,42
419159,5,5,2,252
419120,20,5,1,94
734046,10,2,2,314
598030,1,3,2,235
548319,2,4,1,57
501248,12,7,1,190
392220,17,1,1,40
548377,5,2,2,162
980988,4,1,2,429
419132,15,2,2,191
419118,7,2,2,20
335997,8,2,1,39
548344,8,4,1,275
501217,16,6,2,93
548375,18,5,2,9
501271,10,5,2,62
419166,20,6,1,346
392235,2,5,2,171
734010,13,3,1,342
980964,17,4,1,67
598035,19,5,2,361
598070,8,3,2,94
392235,7,2,2,41
419135,6,2,2,208
734022,5,2,2,388
392193,17,3,2,256
501205,16,1,1,261
981010,8,3,1,426
501274,9,2,2,9
548323,18,2,1,248
392196,13,3,2,46
548358,19,3,2,95
419141,18,4,1,96
598070,2,6,1,369
598062,17,5,2,81
829714,19,3,2,85
501268,2,3,1,38
501231,18,5,1,157
598010,19,6,2,85
501229,10,4,2,208
548338,15,2,1,293
980928,11,1,2,407
419170,18,1,1,194
598015,14,3,1,325
392240,15,2,2,85
980922,9,6,1,71
392196,11,3,1,161
336020,14,7,1,33
336038,19,4,2,33
734030,10,2,1,208
729302,2,3,2,359
419135,15,3,2,50
548355,20,1,1,333
336043,10,5,2,36
733992,18,2,1,20
419162,11,4,2,79
419151,5,3,2,50
336019,19,1,1,143
336014,18,6,1,20
392236,7,2,1,1
419151,8,3,1,29
829816,17,6,2,85
392211,5,5,1,171
729294,1,2,1,376
980910,9,3,1,310
980980,4,3,1,432
734008,19,3,1,452
336001,20,6,1,9
598032,6,2,2,81
336007,19,4,1,113
829786,20,4,2,96
548384,2,1,1,194
980984,18,5,1,79
598026,15,1,1,94
829742,14,4,1,246
419136,1,6,1,82
501230,17,6,1,32
829722,14,4,2,357
980972,15,1,1,394
598050,20,6,1,53
598065,14,2,2,84
501209,19,7,1,169
733996,12,4,1,311
829778,9,1,1,20
829750,19,3,1,311
829730,5,6,1,260
335993,8,6,1,86
548318,13,5,2,106
729322,16,3,2,187
336043,9,5,1,42
734024,19,3,2,346
392218,9,4,2,7
392190,16,2,2,17
598023,11,4,1,253
501216,20,1,1,203
981014,16,1,2,344
548378,20,6,1,136
734020,2,3,1,31
392197,15,6,1,71
392218,15,1,1,74
336034,16,6,2,94
829788,1,1,1,57
729302,2,3,2,147
336003,5,6,2,88
980994,17,2,1,315
548344,18,4,2,100
598031,14,2,1,19
829766,17,4,1,87
980984,11,2,1,106
419146,13,4,1,205
829712,9,1,1,136
392205,4,5,1,47
829784,14,6,2,71
829780,20,3,1,185
501238,15,4,1,12
829718,11,4,1,8
981008,20,6,1,355
981014,8,3,1,187
336009,11,2,2,79
980948,5,6,1,418
336022,1,3,2,128
829814,3,2,1,35
336006,12,2,2,122
598063,4,1,2,35
734042,14,5,2,54
548341,10,4,1,204
419160,10,6,1,136
733994,20,3,1,306
981024,10,5,1,434
336026,3,6,1,49
734016,11,3,1,342
548370,5,3,1,191
980922,16,5,1,14
829756,19,1,2,81
598072,6,2,1,293
392239,2,6,2,156
829722,8,4,1,194
598021,15,4,1,89
392244,15,3,2,131
548322,2,3,2,131
419125,19,4,1,223
829712,16,2,1,404
501237,17,4,1,27
548352,13,3,2,35
829826,17,2,1,364
392225,19,4,1,126
829814,6,1,1,21
419167,14,4,2,133
548355,20,1,1,100
829742,20,7,1,88
335996,20,2,1,46
598037,2,6,1,255
733996,17,3,1,110
501245,16,4,1,248
335991,17,3,2,131
548325,8,5,1,276
980994,14,5,1,46
501219,7,5,1,66
419116,4,3,2,126
392203,11,6,2,41
981016,3,4,2,350
336012,10,5,2,109
548334,18,3,1,54
335990,19,4,2,50
501260,13,3,2,31
501262,15,2,1,249
336009,19,5,2,114
501269,11,4,2,10
336037,15,6,2,148
419121,16,2,2,136
392219,7,2,2,197
501231,10,2,1,281
733996,3,1,2,374
598072,14,3,1,232
829794,16,2,1,81
419146,16,3,1,57
734018,20,4,2,452
548364,12,6,1,211
829718,11,6,2,96
419146,14,5,2,38
981018,6,3,2,186
548323,19,6,1,186
336032,6,5,2,95
598024,14,5,2,255
548327,19,6,1,171
501269,14,3,2,112
548351,19,4,1,133
598006,20,3,1,29
981012,18,5,1,21
980992,5,6,2,8
829816,17,6,2,429
419116,13,3,2,74
548384,14,3,2,23
392230,20,3,2,74
501221,6,5,2,65
336042,4,2,2,70
729292,4,6,1,17
501240,19,1,1,277
336016,15,2,1,74
419121,12,2,1,217
598043,3,5,2,19
501209,8,3,2,41
419116,17,2,1,88
419166,14,5,2,210
336037,14,3,1,90
501271,6,4,1,8
336005,5,5,2,33
501209,8,3,1,196
392213,6,2,1,124
980956,1,5,1,209
598042,14,6,2,208
829808,7,4,2,367
419155,7,1,2,79
548339,19,4,1,236
336016,13,5,2,131
829792,5,3,1,350
336029,2,3,2,73
548317,11,2,2,309
734052,7,1,2,357
829750,17,1,2,35
392203,5,5,2,73
419147,10,5,2,23
598014,15,2,1,27
336011,1,5,1,76
548331,16,2,2,446
501227,20,5,1,8
598007,4,2,1,71
419167,10,4,2,194
392244,17,4,2,57
548364,11,1,2,236
981016,2,2,1,140
829796,18,2,2,320
598064,7,7,1,53
548311,13,4,1,194
419139,9,2,2,241
981020,2,5,2,228
548325,8,5,1,214
598030,1,3,2,358
419146,20,5,2,39
829724,19,2,1,14
729300,15,1,2,151
829724,19,2,1,161
392211,19,6,2,185
501249,5,5,1,100
829802,3,4,1,310
734020,19,1,1,315
392234,12,6,2,26
734014,16,7,1,40
733986,19,4,2,185
829762,6,3,1,402
729314,16,2,2,57
336017,6,3,1,44
980934,14,1,1,187
829774,15,7,2,17
980950,11,4,2,147
419139,5,1,2,88
392227,18,3,1,194
392191,16,4,1,63
419129,20,5,1,26
829804,15,1,2,228
598076,1,6,1,255
598027,8,6,1,20
734046,15,6,1,208
980972,10,2,2,2
501235,14,1,2,132
734024,19,4,1,305
829714,5,6,2,310
501271,14,4,1,110
980954,17,3,2,418
419129,17,3,2,211
980952,2,1,2,232
392194,9,3,1,120
392231,19,1,1,27
598008,3,2,2,253
336017,12,3,2,132
501234,3,2,1,237
501223,15,6,2,46
419112,17,7,1,160
548317,7,4,1,31
981000,14,4,1,32
829734,4,4,1,71
419115,18,2,1,109
598015,2,2,2,64
734032,7,6,1,382
501208,9,6,2,284
501235,7,4,2,40
829802,12,5,2,20
598070,8,3,2,42
392196,13,3,2,75
336001,20,6,1,6
501238,2,6,2,232
598038,13,5,1,79
733996,18,5,1,162
548329,20,5,2,39
335994,20,5,1,44
729322,3,4,2,42
548362,16,2,2,52
501230,20,5,1,32
501209,8,1,1,196
829722,7,4,1,453
829722,7,4,1,221
419146,11,1,2,32
548356,14,3,1,1
598042,14,2,2,80
501269,14,2,1,48
598036,7,1,1,95
598041,19,3,2,152
336013,14,1,1,44
336043,6,2,2,36
729304,20,4,2,31
729302,12,1,1,310
733994,7,3,1,351
419122,20,1,2,205
501224,16,5,1,87
419165,7,4,1,41
336009,18,2,2,49
734022,19,5,2,388
829786,12,6,2,31
501272,18,3,1,194
419122,12,4,1,64
336044,3,2,2,68
734038,15,4,1,32
336026,4,4,2,84
548386,18,1,2,21
392241,7,5,2,8
501240,5,2,2,235
734042,8,3,2,391
392227,3,1,2,68
392238,12,3,2,38
548321,1,1,1,29
598067,10,2,1,368
598028,9,6,2,104
335989,4,5,1,89
733976,15,3,1,276
734002,11,3,1,31
392191,7,4,1,106
392224,8,6,1,136
501261,15,2,1,194
598033,20,6,2,333
829756,5,6,2,17
548385,18,1,1,296
548369,11,1,2,183
548379,4,3,1,183
548369,3,1,1,71
598073,7,1,1,391
981014,15,3,2,344
548315,20,5,1,54
829766,16,3,2,316
598017,17,4,1,364
392235,16,5,2,88
980942,20,4,2,463
501244,6,3,2,66
336009,11,2,2,48
419155,14,4,2,15
392244,15,2,2,53
980908,3,2,1,96
501264,15,5,1,154
729304,18,1,1,106
419157,4,4,2,79
501226,19,5,2,221
598067,1,2,2,201
548346,10,5,2,17
392224,17,1,1,171
501220,3,3,1,237
336020,4,1,2,91
733978,1,5,2,151
419123,19,2,1,191
336045,17,2,1,38
392214,11,4,2,186
548355,17,2,2,81
981004,13,2,2,354
501273,11,6,2,8
598037,15,1,1,85
392241,11,6,2,177
598011,17,3,2,57
392222,6,6,2,184
980984,4,6,2,396
501207,20,1,1,74
598077,17,3,2,243
336024,20,7,1,69
598029,6,1,1,293
501267,16,5,2,96
501263,2,3,2,38
501229,15,4,2,50
733984,14,4,1,308
336011,17,1,1,25
829742,18,4,1,401
980942,6,2,2,110
598062,16,5,1,95
501266,6,4,1,81
980932,20,4,1,407
501235,20,5,2,132
336018,20,4,2,151
336037,20,1,1,90
392194,20,3,2,87
336017,8,1,1,133
419129,4,6,2,126
392218,6,6,1,196
548376,16,1,2,201
336017,13,2,1,49
598012,7,6,1,23
598067,1,2,2,364
598074,19,1,1,136
829826,19,2,1,21
733986,12,2,2,158
501237,19,3,1,274
419119,19,6,1,171
419117,16,5,1,14
392230,20,4,1,114
501246,4,4,2,178
829764,13,2,2,14
419112,6,1,2,207
501218,7,6,2,46
734000,18,7,1,171
501247,19,5,2,17
501204,6,3,1,6
501244,12,4,1,136
392221,20,7,1,153
548381,19,5,1,311
501261,10,6,1,221
336024,20,3,1,33
598011,17,3,2,356
392234,12,6,2,65
501256,13,3,2,228
598070,9,4,2,327
981014,16,4,2,46
829816,1,7,2,255
598075,16,5,2,20
548335,7,1,2,324
419139,9,3,1,183
829828,19,2,2,194
392193,17,3,2,61
501208,17,4,2,214
829808,8,5,2,197
392239,5,5,1,26
548358,20,4,2,140
548328,20,4,1,95
829722,8,3,2,395
829786,18,6,2,96
548371,8,2,2,211
734046,2,5,2,104
598070,17,3,2,136
829804,18,2,1,185
734046,16,3,1,388
419153,19,6,1,81
335998,9,2,2,5
392190,11,2,1,8
548324,18,5,1,4
419119,20,3,1,116
598025,14,5,2,19
734006,19,5,1,50
734046,15,3,2,104
980940,20,2,1,228
501249,19,4,2,244
548376,9,2,2,19
980966,20,6,1,136
548344,8,5,2,14
598071,19,6,1,208
548385,12,4,2,109
336043,10,5,2,31
392233,5,3,1,188
336016,13,2,1,36
336025,16,2,1,53
829738,5,3,2,374
548315,19,6,2,121
392196,19,5,1,161
392235,17,7,2,88
336003,5,6,1,16
336038,18,4,2,30
392191,7,2,1,1
598017,17,4,1,201
829750,12,3,2,20
598005,10,5,2,136
734004,9,6,2,106
548324,18,5,1,236
392241,2,6,1,178
392218,20,2,1,31
548375,18,1,2,95
548356,19,2,2,131
829744,10,7,2,260
598064,1,3,2,29
734004,8,4,1,370
548341,20,6,2,181
419123,18,1,1,87
981010,7,6,2,356
548355,19,4,2,175
829712,15,4,2,73
548359,2,2,1,333
419129,17,3,2,229
829748,19,3,1,190
980958,15,5,2,396
548376,19,5,1,333
734036,8,7,1,267
335988,15,2,2,119
598042,14,2,2,147
392207,19,1,2,109
501253,15,3,1,235
829752,1,3,1,262
392239,2,6,2,21
548323,15,3,2,203
980984,1,3,2,73
336006,12,2,2,21
980936,2,4,2,402
733996,9,5,1,301
419124,10,5,2,71
734054,1,4,2,151
501260,3,3,1,15
501262,14,5,2,88
598018,12,1,2,214
598057,19,6,1,39
419129,13,3,2,31
501234,4,6,2,120
419170,20,3,2,20
733976,5,4,2,359
419161,12,2,1,53
501253,18,6,1,253
501216,11,5,1,269
392217,2,4,2,188
392209,18,1,2,14
419139,17,5,1,212
980938,8,6,1,50
980930,17,6,1,276
392196,2,1,1,67
729312,10,4,1,96
419121,12,4,1,17
419164,10,4,2,153
734020,9,3,1,40
729284,19,7,1,221
419114,19,2,2,8
980908,14,1,1,96
392237,17,7,1,6
548317,2,5,2,204
392193,16,3,1,6
336032,2,4,1,33
392199,2,5,2,52
392212,16,7,1,27
501266,6,4,1,2
981002,5,5,1,201
392189,6,2,1,55
548356,12,6,1,267
829780,12,5,2,57
829828,20,2,1,21
419134,18,3,1,185
980906,5,1,1,20
501223,5,4,1,246
980980,14,5,2,31
392244,19,6,2,53
336023,6,5,1,49
598032,6,4,2,239
392221,5,3,2,131
419146,3,4,1,57
501275,13,5,2,283
392221,5,5,2,188
980924,11,1,1,320
336032,6,5,2,62
548379,15,2,2,236
733986,12,2,2,346
336024,19,1,2,78
548370,5,3,1,235
548337,8,6,1,20
548357,3,2,1,314
336037,14,3,1,118
501262,12,2,2,302
729298,5,2,2,359
548321,11,2,1,183
335991,15,3,1,4
501247,11,3,2,104
829730,20,3,2,185
598066,20,6,1,95
392193,19,2,1,94
598005,18,5,1,46
548324,13,1,1,4
419168,8,2,2,18
598058,14,6,2,89
598062,17,5,2,79
829744,15,6,1,334
548316,9,1,1,94
734036,19,6,1,154
392189,17,3,1,97
729296,3,6,1,374
548356,17,1,1,267
734022,8,5,2,456
598037,2,4,1,32
501252,11,2,1,33
598078,7,4,2,194
548385,17,3,1,232
829756,9,4,2,194
734028,17,3,1,308
734038,18,5,2,345
336017,6,6,1,48
980974,12,1,2,430
336025,20,1,2,135
548377,16,4,2,311
829788,1,1,1,17
598078,2,4,2,50
829822,14,4,1,21
548322,18,4,2,304
981022,9,2,2,35
392200,9,2,1,160
336015,9,6,1,51
392200,2,7,2,78
501227,20,7,1,135
392207,2,6,2,218
548384,2,1,1,61
829816,20,1,2,306
598070,17,2,1,104
501209,8,1,1,252
829778,9,1,1,73
829756,9,4,2,221
419154,14,2,1,291
829720,19,1,2,393
419131,7,3,2,56
598018,19,5,1,136
829758,7,3,2,359
829824,2,6,2,162
829722,8,4,1,398
336028,2,2,2,126
548353,20,1,1,328
548360,15,1,1,275
501209,18,4,1,39
501263,16,2,1,204
392210,1,2,2,178
336017,6,3,1,73
336018,18,3,1,77
336009,6,4,1,88
336005,14,5,2,31
335998,3,3,1,23
980988,15,6,1,136
336009,16,1,1,118
980984,1,3,2,394
598026,8,5,2,329
829826,20,4,1,201
419140,3,4,2,62
548332,7,6,1,181
598043,3,5,2,20
501272,9,5,1,246
548363,13,6,1,255
980956,20,2,1,209
734044,13,3,1,62
548376,5,3,1,4
733982,15,3,2,187
548315,13,2,1,29
598004,20,2,2,121
980936,4,4,1,20
598062,5,3,1,40
548331,16,2,2,154
598070,11,3,1,310
501206,7,1,2,254
548324,17,3,1,67
392205,2,3,2,24
392239,14,3,1,28
734022,11,3,2,383
548371,20,5,1,4
548324,3,3,1,53
729302,9,2,1,377
734018,5,2,1,8
980998,17,4,2,413
392227,4,2,1,71
598003,8,2,2,262
501234,4,6,2,26
336043,20,4,1,91
419137,12,4,2,67
392238,10,1,2,31
548371,13,2,2,211
501246,11,6,1,211
336020,4,1,2,110
829786,7,2,1,94
548366,6,6,2,238
734008,11,4,1,20
734038,14,1,2,100
419128,13,3,2,9
501273,9,7,1,20
980986,16,3,1,221
733992,5,3,1,147
598017,2,5,1,71
392226,18,3,1,8
980940,10,5,2,345
501217,12,5,1,264
335998,18,2,1,121
548326,15,4,2,154
392208,19,6,2,15
501258,10,5,2,201
829752,20,4,2,404
548342,3,5,2,83
392209,10,5,2,157
598074,16,1,1,340
829758,13,2,2,201
734050,19,4,1,201
335988,3,5,1,67
734054,17,3,2,197
729298,14,5,2,2
733978,3,1,1,379
336034,11,6,2,132
548381,19,5,1,8
598032,17,2,1,106
336019,5,6,2,129
829720,8,2,2,346
336001,16,1,2,20
980998,18,5,1,351
829780,5,3,2,57
829744,2,2,1,315
419158,3,2,1,23
729308,19,1,1,364
335988,18,4,2,121
419117,20,3,1,9
336033,20,3,2,29
829774,15,7,2,50
501207,4,3,1,27
729290,19,3,2,94
392220,10,1,2,50
980950,4,4,2,35
598074,19,1,1,327
392202,3,7,2,63
980924,17,2,2,303
548367,9,3,1,235
729304,20,7,1,296
598054,12,6,1,39
729304,9,1,2,96
392200,9,2,1,31
734052,13,5,2,392
548313,2,1,2,299
598030,18,1,1,321
829750,14,3,2,71
336031,16,3,2,12
598070,2,6,1,255
829798,11,4,1,237
548351,13,6,1,304
548338,14,6,2,191
501258,20,2,2,20
733996,16,5,2,357
734044,6,6,1,197
336041,12,3,2,49
419128,13,3,2,46
829764,8,3,2,14
336039,18,1,2,6
419124,11,1,1,81
598071,1,3,2,67
829752,16,6,2,260
392241,19,1,2,8
501265,4,6,1,242
829750,15,1,1,382
501213,5,6,2,26
335998,18,2,1,20
335987,16,2,2,63
335992,5,5,2,24
501253,16,4,1,267
392231,20,3,1,27
335996,2,4,1,73
501246,9,2,1,211
981004,6,1,2,270
829764,20,3,2,183
729288,19,4,1,197
392186,1,2,2,42
548351,17,6,1,304
419148,16,2,1,31
419147,14,4,2,156
501207,1,4,1,171
980912,11,3,2,110
335991,9,4,1,82
501274,9,2,2,87
829806,18,3,1,459
336045,6,2,1,38
548332,13,6,1,15
336022,5,2,2,62
598038,6,5,2,50
829784,17,7,2,71
598051,13,4,2,357
729298,10,2,2,21
598028,16,2,1,110
734016,11,3,1,386
829808,10,6,2,356
548333,17,5,1,31
419157,6,3,1,41
336042,9,3,2,142
501235,20,5,1,82
392219,1,1,1,78
598024,14,2,2,277
392219,10,1,2,23
501269,11,6,2,446
734036,15,4,1,386
419149,19,2,2,1
501242,16,6,2,126
419132,3,6,1,26
733994,7,3,1,80
548319,2,4,1,275
336041,17,4,1,138
548354,11,2,2,297
392242,8,6,2,40
336002,20,3,1,73
392205,9,3,1,42
336007,20,4,1,10
392211,16,5,2,20
734002,20,6,1,9
734010,10,2,2,110
980960,15,5,2,367
598025,13,5,1,41
598033,17,2,1,41
419146,3,4,1,205
501253,16,7,2,14
419164,5,1,2,27
598046,12,1,1,100
335996,14,5,1,44
598037,1,5,1,369
598026,15,1,1,340
598061,6,3,1,100
392223,14,2,2,85
548375,20,1,2,2
501230,16,4,1,39
419168,20,4,1,178
829742,19,3,1,401
980930,11,5,2,416
829824,15,6,2,162
733994,1,3,2,183
419163,20,3,1,106
980948,20,4,1,303
392194,20,4,2,116
734054,17,7,2,151
729322,20,2,1,194
829800,19,2,2,401
729294,2,4,1,346
829734,20,5,1,20
729310,7,3,2,17
501232,8,3,2,41
548330,13,1,2,263
335988,3,5,1,29
734010,10,2,2,27
598020,13,6,2,96
501266,20,3,2,23
336006,12,2,2,17
392205,9,3,1,71
733984,17,2,1,315
501232,13,3,2,183
548350,20,5,1,196
336040,16,3,2,27
548349,6,3,2,40
419134,20,4,1,119
548342,2,2,1,199
392233,13,3,2,195
392206,3,3,1,41
734052,13,8,1,201
980930,15,5,1,96
733996,6,8,1,110
501272,13,3,2,89
548323,19,6,1,303
598029,17,2,1,237
419142,18,1,2,23
336018,1,6,1,64
598072,12,6,1,64
548371,17,6,1,100
336014,19,1,2,86
598019,19,4,1,255
336038,19,4,2,69
419125,15,5,2,54
598068,18,5,1,85
548374,14,6,2,329
419121,12,2,1,119
829724,11,1,1,458
548313,2,1,2,83
336031,7,6,2,6
598019,16,6,1,309
598032,14,3,2,81
501207,2,3,1,83
598070,11,3,1,85
734022,20,6,1,89
548316,15,1,2,23
734022,19,5,2,221
501252,14,3,1,162
598029,19,6,1,41
598060,5,3,2,363
336037,15,6,2,49
501232,17,6,2,199
419154,15,6,1,67
598003,19,6,1,66
980918,7,1,1,351
336025,7,1,2,41
598015,14,6,2,192
598026,18,4,1,331
733978,4,3,1,372
335987,5,5,2,4
829742,15,2,2,194
980970,19,1,2,322
981010,19,6,1,79
829782,16,3,2,80
548375,19,1,1,208
598055,13,2,2,131
419123,20,2,2,126
980942,8,4,1,2
829774,18,4,2,81
829828,20,2,1,201
829736,12,3,1,161
598032,20,3,2,162
829766,17,4,1,136
734020,6,4,1,190
598043,5,5,2,201
392219,1,1,1,28
501210,5,4,1,194
419125,20,3,1,41
336010,12,7,2,121
501247,12,5,1,216
980972,6,4,1,73
598061,10,4,2,340
392187,12,1,2,8
392214,14,5,2,109
501204,20,3,1,192
981020,16,5,1,308
829744,5,1,2,404
829730,8,2,2,320
598065,4,5,1,194
829738,1,4,1,31
548331,12,6,2,42
548362,13,4,1,66
336043,20,4,1,87
829784,17,7,2,73
733980,10,6,2,88
548379,15,1,1,190
392244,7,1,2,54
501224,4,3,2,259
392215,8,5,2,196
829792,1,6,2,299
419139,11,3,2,41
734026,20,6,1,254
598015,9,6,1,94
392220,20,6,1,110
419114,19,2,2,132
392191,15,1,1,83
501246,20,5,2,289
829820,2,1,1,17
501225,13,6,2,48
392215,15,5,1,153
829718,5,5,2,276
548356,20,6,1,299
548337,5,4,1,62
829796,20,4,2,329
829800,4,1,1,383
501221,6,5,2,131
981008,16,2,1,15
501248,19,2,1,29
598023,5,7,1,106
734038,16,5,2,356
829784,6,2,2,322
734054,16,3,2,357
548347,16,3,1,208
598076,7,4,2,17
419113,2,2,2,26
729306,17,5,2,94
598075,2,4,2,19
980942,2,4,1,186
598034,2,2,1,50
548313,20,6,1,208
392238,4,3,1,82
501252,18,2,1,244
548336,2,6,2,321
419115,5,7,1,185
980964,20,5,1,96
419140,3,4,2,4
829784,14,6,2,364
729316,3,2,1,21
598017,20,6,1,223
501237,17,4,1,171
335996,17,4,1,46
501265,4,6,1,268
501225,18,1,2,210
548381,10,2,2,10
336013,11,5,1,79
392235,3,2,2,40
392205,9,3,1,154
598068,6,4,2,305
548364,11,4,2,320
501269,2,4,2,468
598016,8,1,1,191
548354,9,4,1,232
598036,19,6,1,9
829784,14,6,2,2
980936,19,5,2,255
548375,17,4,2,315
392234,14,1,2,139
829724,12,6,1,166
392238,3,6,1,1
392237,15,5,2,199
419150,19,5,1,231
336016,16,3,2,58
548383,11,2,2,140
419151,19,3,2,15
501216,5,5,2,377
501204,6,5,2,84
598007,7,1,1,343
392231,16,4,1,68
980918,9,4,1,15
501223,18,2,1,56
981022,5,1,2,35
501229,19,6,2,209
734026,6,1,1,187
598037,7,1,1,310
548358,20,4,2,40
598039,13,2,2,21
501208,20,6,1,42
548327,20,2,1,83
548383,2,6,2,315
392205,5,3,1,47
548377,9,1,2,135
729304,12,5,1,121
548314,5,2,2,204
548333,15,2,1,315
829804,5,5,2,458
501266,6,4,1,104
501262,16,1,2,67
734026,19,5,2,162
548377,20,7,2,81
335996,3,4,2,77
598036,13,5,1,315
336019,1,4,1,97
501275,11,4,2,79
829742,20,7,1,380
598021,20,3,2,320
548335,14,2,2,35
980948,1,4,1,106
336034,11,6,2,8
598045,19,2,1,64
980948,1,5,2,394
829756,19,1,2,383
336019,6,1,2,1
729300,16,3,1,136
829730,3,7,2,62
336018,2,6,2,121
734050,13,1,1,21
598040,11,2,2,262
729298,15,3,2,171
598015,18,5,1,84
980962,4,7,2,79
980956,1,5,1,46
419167,3,4,2,221
734008,3,1,2,32
980992,7,5,2,255
980946,1,2,1,305
392199,2,2,1,135
392209,18,4,1,27
548347,20,3,2,41
829734,8,6,2,383
336001,15,1,2,18
598027,6,5,1,350
829780,20,3,1,320
336044,3,2,1,17
548380,17,6,2,95
419118,9,2,2,21
598010,3,4,2,309
829764,2,5,1,367
980932,13,6,2,255
729304,9,1,2,336
392187,9,4,2,158
501209,8,3,2,29
336007,15,6,1,10
598078,19,4,1,185
598017,17,6,1,364
336026,3,7,1,73
501204,18,3,1,255
981022,9,2,2,88
598036,18,2,1,31
419167,12,4,2,208
829718,20,1,1,246
734048,15,3,1,333
501275,11,4,1,208
501223,14,4,2,231
598015,2,2,2,190
980920,3,4,1,46
419123,20,3,2,211
336026,8,5,1,73
419146,11,6,1,56
419168,2,7,1,178
419134,13,4,1,18
729298,14,5,2,35
548320,15,1,1,162
501271,14,4,1,79
548385,15,5,2,71
336025,20,1,2,88
829782,18,6,2,394
501271,5,1,1,33
501212,20,6,1,274
598041,15,2,2,163
733994,1,3,2,254
392202,15,5,2,42
548386,19,5,2,20
598018,12,1,2,89
501205,2,2,2,81
501250,6,5,1,9
336022,1,3,2,103
734042,17,3,1,31
733996,17,3,2,381
548386,18,1,2,35
392187,12,1,2,52
980958,15,5,2,42
501213,20,2,1,203
980948,6,3,1,280
548330,18,6,1,64
419147,14,4,2,218
335988,6,6,2,18
734040,10,3,2,380
392228,17,6,2,135
980958,20,6,2,187
392224,12,2,1,187
336026,1,6,2,144
598043,19,4,2,350
336005,12,4,1,4
501232,13,3,2,106
392194,9,3,1,155
419140,6,6,1,131
501274,8,5,2,140
501238,2,6,2,29
829752,1,3,1,57
980956,19,4,2,15
548347,4,1,2,190
336036,19,5,1,67
829732,14,2,2,183
336004,6,6,2,61
598004,7,1,1,22
419133,12,4,1,14
548356,14,3,1,267
598003,16,2,1,87
598017,17,6,1,71
548327,20,2,1,157
598078,19,4,1,19
980968,20,6,1,345
598055,10,5,2,208
829738,5,2,1,284
829750,16,2,1,140
729288,19,4,1,41
336034,10,6,1,21
336003,5,6,2,41
548358,7,4,2,87
336026,3,7,1,45
829822,19,6,2,208
336010,11,1,2,21
548312,12,2,1,54
548319,12,2,2,314
829824,16,6,2,270
336022,16,4,1,116
336011,4,3,1,64
392220,10,1,2,48
598014,12,2,1,253
336009,19,3,1,89
734006,10,5,1,375
829770,8,1,2,364
548339,16,2,2,61
829770,13,6,1,232
392193,19,6,1,8
733994,14,4,2,136
829718,17,1,2,31
829784,17,7,2,35
548330,11,2,1,82
419152,5,1,2,218
392218,6,6,1,183
829784,17,5,2,322
336039,14,2,1,61
980936,20,5,1,85
336045,9,6,1,39
392229,17,6,2,185
501237,14,6,2,79
981000,11,4,1,369
392193,17,3,2,57
598005,15,2,1,235
980910,6,3,2,409
729290,12,3,1,48
548323,18,2,1,21
501258,11,2,1,199
548371,8,2,2,42
598077,17,3,2,6
336029,19,5,2,114
419148,16,2,1,224
336011,11,3,2,8
598016,13,2,2,357
501216,1,2,2,186
729302,19,3,2,20
829736,3,1,1,187
392197,20,3,2,165
829766,16,3,2,46
598037,2,6,1,277
336029,9,2,1,57
733994,20,5,2,187
829810,7,3,1,67
598031,17,1,2,104
981020,7,6,2,187
419145,16,5,2,237
829810,20,1,2,403
501227,20,5,1,175
548354,15,4,2,132
548321,20,3,1,183
598043,16,3,1,254
336031,5,6,1,42
598021,2,2,2,329
981024,19,4,1,8
392228,7,2,1,61
598076,7,4,2,327
829816,9,1,2,80
829774,18,5,2,57
598041,3,5,2,349
419115,18,6,2,55
392196,2,1,1,26
392215,20,2,1,67
829788,12,2,1,57
734016,7,5,2,89
829828,12,6,1,201
548355,19,5,2,162
419155,7,1,2,15
419162,6,6,1,81
501212,3,5,1,231
336001,12,6,1,15
392186,19,1,1,156
548385,3,2,2,186
729286,3,6,1,373
392222,18,2,1,109
392220,6,6,1,116
419140,3,2,1,57
336001,20,4,2,20
598010,8,3,2,39
734016,18,6,1,293
501260,3,3,1,162
392235,17,2,2,40
501251,3,6,2,178
980948,8,1,1,79
419152,17,6,1,61
548384,14,2,1,147
336039,20,4,1,70
548341,10,4,1,6
335990,10,6,2,47
598018,11,3,2,315
419118,1,2,2,120
501250,11,6,1,151
548344,8,4,1,221
829738,20,6,1,308
729302,9,2,1,370
336032,2,6,2,105
336022,14,2,1,118
501208,14,6,2,284
336003,5,2,2,88
981012,11,6,2,375
598004,8,3,2,81
548362,15,2,1,2
419152,5,4,2,248
392199,2,5,2,12
336036,13,4,2,97
598006,18,6,2,104
980930,19,3,1,31
733998,3,4,1,136
392214,15,4,2,218
733998,3,4,1,29
598049,6,7,2,232
392199,2,5,2,81
548368,2,2,2,221
734022,8,5,2,221
729294,4,6,2,190
419130,9,5,2,17
548385,17,3,1,187
729310,15,3,1,89
548346,14,6,2,314
392238,3,6,1,170
829714,14,1,2,339
734036,19,2,1,386
598054,14,4,2,322
392208,19,6,2,79
980920,18,3,1,67
419154,20,5,1,291
829774,18,4,2,208
729290,20,4,1,310
392218,9,4,2,8
501232,9,5,2,183
419132,15,2,2,162
598026,18,4,1,327
501245,13,2,1,125
419141,2,4,1,8
598056,13,5,2,71
981008,19,2,2,183
336037,13,1,1,90
980970,9,2,2,136
548341,14,1,2,8
392233,18,5,1,131
419125,19,3,2,57
336043,6,2,2,102
392223,5,5,2,50
829786,12,6,2,232
336016,14,3,1,35
336032,2,6,2,5
335995,3,2,1,74
392231,16,4,1,29
734034,20,2,2,147
598020,20,1,2,235
419152,18,2,1,53
419164,3,6,1,23
419141,12,1,1,158
501224,16,5,1,276
548327,12,3,1,235
598060,13,6,1,131
980984,20,2,1,89
336033,18,6,2,100
598076,16,4,1,85
598032,14,4,1,46
548372,2,2,2,135
501234,20,4,1,17
829744,20,6,1,315
548319,17,2,2,42
548380,8,5,2,2
729302,8,2,1,377
419156,18,3,1,10
829714,11,6,1,367
501247,11,3,2,61
548379,13,5,2,236
980918,2,3,1,355
829714,20,3,1,62
419162,9,6,2,221
392190,11,2,1,6
598058,17,1,2,40
419155,13,3,1,224
829786,7,2,1,187
336040,15,4,2,25
336020,7,6,1,137
419144,14,4,2,1
501219,7,6,2,38
392228,2,3,1,147
829784,20,1,2,147
598076,1,6,1,351
336037,5,5,2,44
598056,8,5,2,20
392229,20,4,1,6
419135,1,2,2,208
336018,20,3,2,435
598067,10,4,2,109
419136,20,5,2,232
501241,14,2,2,23
392187,3,7,2,81
548381,20,4,2,326
598003,15,2,2,192
392234,12,6,2,27
729308,19,1,1,451
548320,6,5,2,151
734052,7,1,2,333
336033,20,3,2,27
548366,16,6,2,266
980948,20,4,1,20
392204,17,3,1,158
419157,17,7,1,116
733982,13,6,1,378
548313,18,3,2,83
392227,12,1,1,85
501233,4,3,1,19
981022,2,1,2,35
981022,13,3,2,254
419123,18,1,1,204
548360,16,5,2,185
392211,20,6,1,187
548348,8,4,2,333
980922,11,1,1,186
598008,8,4,1,14
729294,1,5,2,276
598039,20,2,1,214
829714,19,3,2,339
392194,16,6,2,135
548372,18,5,1,147
392231,16,4,1,153
729314,9,6,1,355
829782,16,3,2,394
829736,3,1,1,299
501254,15,5,1,196
501264,4,6,1,26
548333,18,1,1,40
598055,7,1,2,208
598032,14,3,2,110
392217,6,3,1,80
419119,20,6,1,41
419166,14,5,2,207
419124,5,3,1,11
336020,4,1,2,135
392221,17,2,2,131
981000,11,4,1,255
392235,17,2,2,73
548326,20,5,1,41
336005,6,7,2,102
335987,5,5,2,5
548344,18,2,2,319
419156,14,3,2,56
392210,10,5,1,35
980914,12,5,2,31
980988,19,6,1,371
980956,3,6,2,351
392191,16,4,1,106
392213,3,7,2,48
981020,11,5,2,187
734044,17,6,1,357
392186,19,1,1,23
392213,6,2,1,11
419168,19,2,1,250
335997,10,4,1,38
548363,6,6,2,73
419139,5,1,2,187
419119,9,5,2,208
548332,12,5,2,46
548323,20,2,2,162
419122,19,5,1,227
392233,20,4,1,56
598058,7,6,1,46
598061,8,1,2,280
335994,4,4,2,120
829796,8,3,2,387
501223,17,4,1,133
548359,16,6,1,188
419162,9,6,2,133
598006,20,3,1,192
501256,13,3,2,53
598070,17,3,2,42
336025,1,6,1,58
548373,14,2,2,63
598017,13,2,2,61
829756,14,5,1,183
419168,20,2,2,125
501212,17,1,1,274
733994,18,1,2,254
734048,20,1,2,40
501256,18,3,1,221
419120,20,4,1,46
336032,2,4,1,126
598025,13,5,1,29
501262,8,6,2,100
336018,15,6,2,23
729316,11,3,1,2
829738,20,6,1,46
829788,6,1,1,400
829828,12,6,1,73
829766,10,5,2,31
548385,16,5,2,71
548319,19,4,1,178
335991,17,3,2,56
598045,19,2,1,237
980960,15,5,2,329
598066,20,4,2,46
548374,6,3,1,64
419167,2,6,1,94
980960,14,1,1,410
501243,10,6,2,177
419159,12,5,2,160
829824,9,1,2,402
980968,4,1,2,31
419141,12,1,1,9
419143,18,4,2,71
829826,20,4,1,364
392228,3,6,2,135
598078,18,6,1,35
981020,18,2,2,228
980912,18,2,1,460
598044,18,2,2,357
734028,12,4,2,303
392219,10,1,2,120
419139,14,3,2,237
598071,20,1,2,53
419169,1,4,1,94
548355,18,4,2,8
734042,14,5,2,366
598052,20,5,1,32
392230,20,5,2,35
598005,15,2,1,46
335995,18,6,1,35
829776,7,5,1,402
829748,6,6,2,187
829758,13,2,2,2
501217,15,5,1,188
548381,4,4,1,121
548311,1,5,1,131
829766,15,5,1,136
548313,1,2,2,295
336045,6,2,1,32
336037,13,1,1,87
829804,15,1,2,458
501255,20,5,1,273
501271,1,3,2,185
598052,18,1,2,267
336034,16,6,2,14
548322,2,4,2,126
336037,13,1,1,91
733978,4,3,1,360
501206,7,1,2,190
336013,16,5,1,73
734000,18,4,1,359
335991,18,4,1,82
729304,16,2,1,296
392221,18,6,2,57
548316,15,3,2,35
548370,15,1,2,6
501211,11,1,2,201
548379,6,5,1,187
548367,12,3,1,332
734020,2,6,2,166
336001,20,4,2,23
980980,4,3,1,80
548347,3,3,2,29
419111,17,2,2,87
734016,20,7,1,293
335995,18,6,1,33
548320,19,3,1,110
501229,9,4,1,136
734022,15,6,1,262
598020,13,3,1,223
336045,7,4,2,108
392205,15,4,1,47
336042,4,3,1,109
734018,15,4,1,246
734004,9,1,1,390
729300,15,1,2,197
829722,14,4,2,320
829718,11,4,1,311
548384,14,2,1,50
733990,9,6,1,40
419141,5,1,2,234
336005,20,4,1,95
501247,2,5,1,89
980928,1,4,1,216
729314,4,3,1,185
829788,12,2,1,398
548378,16,5,2,39
392244,16,5,2,61
419165,3,4,2,53
598011,18,4,2,88
598034,12,4,1,221
548316,15,1,2,71
734030,12,5,2,305
419113,2,5,2,26
734024,19,3,2,158
829826,8,1,1,20
829766,14,2,2,46
981018,2,1,1,110
548374,19,1,1,322
336016,13,2,1,102
501251,17,5,2,208
336038,18,4,2,126
548355,17,2,2,162
336022,6,8,1,41
501262,20,4,1,296
729314,19,4,1,88
336029,3,5,1,54
829828,12,6,1,20
419168,18,4,2,121
829718,15,4,2,276
598026,9,4,1,325
598070,17,2,1,39
392214,3,2,2,23
419170,15,2,2,23
336018,2,6,2,127
598070,9,4,2,136
598008,3,2,2,46
419129,18,4,2,230
392207,13,5,1,160
392194,20,5,1,21
598021,15,4,1,352
548354,9,4,1,64
729294,1,5,2,31
392202,14,5,1,63
392230,19,4,2,169
729290,4,3,2,187
729284,19,2,1,57
981004,9,2,2,32
501253,16,4,1,299
733998,17,5,1,254
392238,8,1,2,138
336033,1,3,1,150
729300,18,3,2,197
548327,3,6,2,324
419159,4,2,1,52
392220,6,6,1,40
548380,5,3,1,299
980940,14,6,2,185
980926,17,5,1,408
980918,16,1,1,154
419151,14,4,1,26
336019,9,1,2,105
829758,18,4,2,20
336014,19,2,2,40
980930,15,5,1,40
829714,11,2,1,41
829764,10,5,1,356
501250,6,6,2,248
392190,19,6,1,81
734016,19,1,2,255
980946,1,2,1,419
980922,13,2,2,375
598027,12,3,2,352
501269,3,6,2,446
829766,14,2,2,96
598067,18,5,2,391
419125,19,4,1,110
734038,16,5,2,100
501251,20,5,2,80
392235,17,2,2,110
829754,6,4,1,378
829720,17,3,1,351
981016,3,4,2,15
548339,18,4,1,321
734020,2,6,2,42
734036,18,2,1,346
501263,14,5,1,447
392202,14,5,1,174
501226,13,2,2,57
829786,9,1,2,192
419137,6,3,2,29
336045,17,2,1,32
548311,1,5,1,57
419134,19,2,1,23
392237,18,5,1,96
392211,20,4,1,136
980970,15,4,1,464
548383,20,3,2,140
335998,8,2,1,21
981024,17,2,1,140
981024,14,3,1,110
335995,3,6,1,38
548375,16,3,2,140
336038,19,2,1,109
392218,6,6,1,138
501242,16,6,2,194
598010,20,2,1,216
980914,19,3,2,308
598038,18,4,1,162
419151,17,4,2,210
734018,15,4,1,8
829806,10,2,1,293
734030,18,3,2,374
829788,19,6,1,17
598068,10,1,2,50
419112,1,2,2,133
734010,9,1,1,347
548339,9,1,1,320
392213,3,7,2,85
501251,17,2,1,190
419159,12,5,2,32
336032,19,3,1,31
336018,20,3,2,20
501226,13,2,2,133
598016,13,2,2,221
419154,15,6,1,233
598033,4,6,2,236
392237,6,6,1,46
501231,20,1,2,125
548375,16,4,1,88
734052,7,1,2,320
501205,19,4,1,260
548377,20,7,2,79
734022,15,3,1,351
729292,12,2,1,110
392209,1,5,1,153
392229,2,5,2,185
733984,20,4,1,308
829710,6,2,1,40
734022,15,3,1,339
392204,17,3,1,124
419156,20,5,2,250
829808,8,5,2,305
501231,13,6,2,21
392220,1,7,1,40
598024,1,4,2,310
729290,12,3,1,351
501271,4,3,1,260
336013,12,1,1,73
336009,11,2,2,44
980908,16,4,1,411
392230,20,1,1,71
729310,1,5,1,306
980984,4,2,1,89
548312,12,2,1,232
980946,20,6,1,185
336015,9,6,1,130
336014,15,1,2,117
336010,15,5,1,33
392194,1,1,1,20
829716,4,4,2,20
829754,10,5,1,378
829824,16,6,2,110
548373,18,2,1,303
598016,13,2,2,356
598038,8,2,2,208
734018,20,4,2,171
598004,12,4,1,375
419141,20,6,1,8
980940,10,6,2,345
392199,6,4,2,181
392224,17,1,1,89
336019,13,2,2,103
419170,15,5,2,21
548328,2,6,2,100
548377,20,7,2,311
548372,3,4,1,50
598005,19,5,2,112
980992,19,4,2,434
598008,3,2,2,299
419143,18,2,2,209
980912,18,3,1,325
548378,9,3,2,39
598008,14,3,1,321
729292,7,5,1,373
335991,19,3,1,1
335991,18,6,1,82
829822,19,4,2,403
734008,19,3,1,303
336014,19,5,1,151
734014,12,5,1,276
419125,17,2,2,56
501276,20,4,1,175
598042,18,5,2,88
734026,19,5,2,301
598051,13,4,2,57
501207,18,1,1,267
419156,11,3,2,256
548337,8,3,2,309
829780,17,2,2,208
598068,6,4,2,221
980944,3,5,2,79
829770,18,5,2,359
734034,9,4,1,254
829756,17,4,1,340
980922,9,6,1,370
419167,10,3,2,48
335990,6,4,1,11
392229,18,4,1,14
598023,13,3,2,327
980918,18,1,1,136
419166,20,6,1,203
548352,13,6,1,315
548312,11,4,1,305
980926,17,5,1,322
829764,9,2,2,183
501209,18,4,1,192
729300,11,6,1,187
501264,6,5,1,258
598023,20,6,1,106
598068,1,6,2,208
548323,11,3,2,121
829774,19,1,2,383
419111,17,2,2,84
501262,15,2,1,285
548339,9,1,1,14
734048,18,3,2,67
419156,13,3,1,8
733984,16,1,2,89
501226,12,1,1,19
980940,17,7,2,305
419120,20,5,1,8
981006,4,1,1,254
392206,19,3,1,88
392209,7,1,1,64
548348,15,4,2,302
392225,8,5,2,57
598003,6,5,1,63
548383,20,4,2,315
548340,16,4,1,315
392206,4,3,2,57
336044,2,3,1,20
392197,19,4,1,15
392227,2,2,1,115
392220,8,4,1,116
419138,3,3,1,186
419118,20,2,2,121
598019,9,4,1,335
829784,20,4,1,382
392228,5,2,2,41
392240,20,1,1,88
392238,12,3,2,168
392221,4,4,1,67
419111,5,6,1,53
598058,7,6,1,299
729292,17,4,1,27
829752,1,3,1,50
392234,5,2,1,54
548341,14,1,2,79
734038,18,3,2,100
829810,6,6,2,383
548338,4,6,1,232
501276,13,6,2,185
734044,17,6,1,392
501223,4,3,1,275
548370,15,1,2,238
548350,2,6,1,132
336029,2,3,2,47
336020,20,3,1,137
419170,15,5,2,20
548322,20,4,2,275
392219,17,6,1,77
734032,13,3,2,40
734052,7,1,2,392
501272,16,6,1,194
419124,18,1,1,9
829732,4,6,1,377
829796,4,3,2,197
598019,12,4,1,6
598065,13,5,1,147
829792,18,1,2,84
980986,2,1,1,208
548319,19,4,1,304
501253,10,5,2,167
501223,17,4,1,275
392220,20,6,1,223
829712,14,1,2,20
501260,13,2,1,79
501230,11,4,2,64
981000,16,2,1,32
598007,11,2,2,57
501228,4,4,2,25
501220,11,3,2,248
598004,12,4,1,3
548384,15,2,2,71
419166,20,6,1,2
829770,18,5,2,20
392196,19,1,2,8
419162,12,1,2,48
980932,11,2,1,57
336000,8,1,1,29
548379,9,7,2,333
335996,18,4,1,50
980946,19,4,1,419
501256,4,4,1,80
980942,20,4,2,354
419112,19,2,1,212
981020,17,1,1,46
548371,13,2,2,331
501252,18,2,1,110
501256,4,6,2,14
829770,18,1,2,73
336008,9,6,1,4
548328,15,1,1,315
548359,19,2,2,238
501267,16,5,2,235
548318,13,5,2,295
980932,20,1,1,377
336007,7,6,2,143
392207,13,6,2,101
980952,9,5,1,407
598052,14,6,1,39
419122,20,2,1,64
734008,8,7,1,147
734022,12,6,2,221
734018,4,3,2,359
335991,2,2,2,61
729302,8,2,1,32
419156,18,3,1,52
734016,20,7,1,260
419168,15,5,1,188
419140,19,1,1,54
598036,2,3,2,256
419125,17,2,2,97
829772,1,2,1,191
548325,19,1,1,315
981024,14,5,2,42
419119,20,6,1,116
419118,7,2,2,151
829776,8,2,2,334
419131,7,4,1,38
548348,18,2,1,71
598011,18,3,1,237
829798,15,6,1,371
829792,18,4,1,255
548374,3,1,2,256
392189,13,2,1,58
336002,14,3,1,47
419135,6,7,2,71
419155,14,4,2,194
980982,8,5,1,62
501251,17,2,1,199
419123,13,6,1,1
729292,20,4,1,106
734042,20,4,1,96
336011,19,3,1,78
501226,4,4,2,50
980958,6,2,2,42
419155,20,7,2,79
501203,13,5,2,23
980958,15,5,2,183
392238,12,3,2,31
829758,12,4,2,2
598025,13,2,2,19
392210,18,6,2,57
392205,19,1,2,64
598058,18,6,2,315
336042,19,4,1,23
336015,4,3,1,15
419167,9,2,1,96
598063,13,1,1,309
419165,7,4,1,40
734052,7,1,2,62
598049,12,2,2,64
548326,18,6,1,199
419156,1,1,2,61
981022,9,5,1,385
829792,1,6,2,161
598076,2,6,2,42
501228,13,1,2,54
548348,17,5,1,21
501226,12,2,2,275
598042,20,8,2,50
548384,12,5,2,186
598013,18,2,1,162
598026,9,6,1,280
548374,12,5,1,296
548325,15,5,2,85
829748,17,1,1,31
336031,16,6,1,118
335999,20,6,1,55
419170,20,3,1,79
548317,2,5,2,132
548374,8,2,1,296
733986,5,1,1,21
548370,3,1,2,32
501248,18,5,2,258
734026,13,3,2,382
392244,15,3,2,97
501249,15,4,1,210
548386,18,1,2,20
729284,20,6,2,190
419138,3,3,1,443
598045,1,2,1,232
419164,17,4,2,27
598051,16,2,2,208
980984,18,4,1,197
392200,2,2,2,153
336019,19,1,1,57
829802,19,6,2,2
729296,3,4,2,255
980944,13,2,1,308
501238,19,4,1,77
829770,10,4,1,232
548367,12,3,1,306
548384,16,1,1,147
598075,16,5,2,23
829778,18,2,1,71
734048,15,2,1,41
548331,12,6,2,94
981012,4,5,1,88
501228,4,4,2,296
392194,20,5,1,151
501242,17,2,1,88
392194,6,3,2,88
419166,14,1,1,1
336013,12,3,2,36
980958,20,2,1,463
336012,7,5,1,232
980936,3,4,2,32
548347,16,1,2,158
501241,20,2,2,278
336021,3,1,1,139
598018,12,1,2,87
980984,1,3,2,42
980918,3,1,2,100
336014,19,1,2,91
336026,16,2,1,44
829718,11,4,1,110
419113,14,2,1,91
501216,17,4,2,109
598066,5,4,2,359
598052,16,6,2,191
548359,8,5,1,329
548322,2,3,2,194
829718,5,5,2,190
501246,11,6,1,282
598018,20,3,2,315
729304,19,5,2,9
598067,15,5,2,20
392197,11,5,2,97
336026,14,4,1,45
598078,12,3,2,357
598068,17,5,1,297
548377,12,3,2,81
336025,18,3,2,41
419125,19,3,2,61
598003,6,5,1,315
598058,17,1,2,9
419122,5,6,2,60
548362,15,2,1,40
501217,14,6,2,65
419138,3,3,1,120
729302,13,6,2,2
548377,5,2,2,135
392223,4,5,2,114
734022,6,3,2,456
548322,15,4,2,57
392242,10,6,2,110
548349,13,5,2,66
598056,9,6,2,391
392223,18,2,2,71
980958,18,2,1,369
501269,11,6,2,42
419168,13,1,2,248
335996,3,4,2,65
729288,17,3,1,41
598008,14,3,1,67
598078,18,4,2,194
598013,10,1,2,216
548330,15,5,1,293
501235,20,5,2,284
336038,9,3,2,74
980922,2,3,2,413
734002,2,3,1,284
729294,1,5,2,308
734024,8,5,2,185
419137,6,3,2,243
419154,5,1,1,64
335990,17,5,1,9
548375,16,3,2,151
336015,4,3,2,83
980962,4,7,2,106
336016,14,3,1,31
501251,17,6,2,221
501269,14,3,2,94
598076,3,3,1,351
501208,13,2,2,346
501219,14,6,1,140
598059,17,1,2,349
981000,14,4,1,162
419161,14,1,2,234
598038,6,5,2,133
419161,1,5,1,56
548355,20,3,1,333
392227,4,2,1,133
598012,15,1,1,71
829712,3,3,2,147
829792,18,4,1,339
981020,7,6,2,299
392190,13,4,2,151
336024,15,1,2,26
734026,13,2,1,362
598064,16,5,2,82
501269,11,4,2,93
598006,19,6,1,334
829822,17,1,1,322
501229,10,1,1,26
734016,7,5,2,306
501275,16,5,2,79
419111,1,4,1,206
598078,19,4,1,201
501229,6,1,1,258
392190,11,6,2,17
548356,17,1,1,157
980914,11,1,2,334
548355,20,3,1,48
419143,20,6,1,55
548371,7,6,1,4
419135,11,4,1,53
392230,7,3,1,193
734002,20,5,1,67
336014,19,2,2,88
598073,2,3,2,79
548335,10,4,2,201
392199,20,3,1,88
501260,3,3,1,239
548312,8,2,2,31
734022,3,3,2,388
598034,2,2,1,208
501263,14,5,1,300
980974,16,4,1,255
392235,17,7,2,171
501231,20,2,2,20
336018,7,6,1,24
501245,19,4,1,20
548349,20,5,2,95
419111,5,6,1,57
548312,7,5,1,41
335989,7,2,1,171
598043,20,3,2,364
548359,20,4,1,319
501247,12,5,1,31
980958,20,2,1,354
501207,18,1,1,27
548322,17,6,1,204
829756,15,5,2,398
729314,7,4,1,185
981010,12,3,2,329
419144,16,4,1,27
419156,1,1,2,250
598021,14,1,2,67
336019,5,6,2,63
336013,8,3,2,74
980922,2,3,1,414
980966,4,1,1,421
829826,17,3,2,402
501262,15,2,2,167
829742,15,2,2,400
501273,11,6,2,110
734026,20,6,1,54
548385,14,2,2,186
392208,6,5,1,106
598060,18,3,1,305
734022,11,3,2,207
548374,19,1,1,190
548373,12,3,1,186
501272,16,6,1,50
598038,7,5,2,133
392208,20,3,2,194
392201,14,4,2,151
419152,15,5,1,131
501205,10,6,2,61
419141,5,1,2,77
336000,14,7,2,91
829784,20,4,2,2
829712,20,5,1,136
980946,20,6,1,367
598041,20,3,2,8
980970,10,4,1,280
829808,6,5,1,401
598010,8,3,2,238
980958,16,5,1,354
734042,15,6,1,31
598055,19,4,1,210
548357,20,4,2,71
392223,14,2,2,44
548359,8,3,2,85
598027,15,1,1,201
501203,16,2,2,201
548354,11,2,2,204
501256,18,3,1,194
392217,20,1,1,154
733978,3,1,1,221
419121,7,7,2,110
336044,5,4,1,121
980922,12,1,2,221
501203,9,5,2,125
419158,16,5,1,109
336043,7,4,1,41
501236,5,2,1,266
548362,20,5,1,2
336024,20,7,1,75
336005,6,7,2,33
501256,5,1,2,228
829720,10,6,2,371
392204,1,1,1,11
598041,15,2,2,81
392209,7,1,1,28
392225,8,5,2,60
733978,3,1,1,15
729292,10,1,1,378
392230,20,6,1,44
336033,17,6,2,25
829734,8,2,2,208
829786,11,6,1,94
734012,12,2,1,357
548381,5,2,1,110
548314,12,2,2,104
548356,17,1,1,306
392200,5,1,2,24
501242,17,2,1,188
419147,11,3,2,185
980936,20,4,2,311
598077,15,1,2,104
419168,14,2,1,231
980926,12,2,1,351
980922,9,3,2,400
729300,20,2,1,187
336014,18,6,1,23
548360,15,1,1,194
598019,4,3,1,104
598037,2,4,1,6
548376,5,3,1,148
419131,12,2,2,57
829710,5,7,1,232
548378,16,5,2,85
829772,19,1,1,15
419160,9,1,1,232
729312,13,6,2,367
336045,20,1,1,69
501274,13,6,1,275
829788,16,4,1,17
598027,8,6,1,23
501259,5,4,2,104
598053,11,2,1,162
548386,20,7,1,63
392220,20,6,1,187
501268,4,6,1,297
980916,17,2,1,88
419158,3,2,1,201
981006,4,1,1,186
598060,5,3,2,96
335993,4,3,2,55
501207,2,3,1,231
501266,20,3,2,19
829780,19,6,2,194
501235,20,5,1,190
598007,17,5,2,3
501257,19,3,1,162
392229,20,4,1,177
548383,14,4,1,232
980950,11,4,2,370
501272,9,1,2,9
392239,10,3,1,68
392236,17,6,1,4
829784,6,3,1,373
419113,7,1,1,116
598061,8,1,2,166
335991,9,4,1,62
829812,11,6,1,402
598049,18,5,1,42
733996,10,3,2,197
501213,20,2,1,135
729292,4,3,2,19
501265,13,6,2,100
419161,2,3,2,26
392186,15,3,1,155
548351,6,5,2,17
548384,12,5,2,20
598017,13,2,2,283
598010,8,3,2,77
548325,8,5,1,89
392233,18,1,2,1
980918,13,6,1,322
501219,11,7,1,66
501275,11,4,2,244
548332,13,6,1,81
598045,19,2,1,353
392235,2,5,2,439
548364,11,4,2,14
392241,17,6,1,53
392187,12,2,2,124
392205,19,1,2,26
392234,17,1,1,206
981016,17,1,1,369
829794,20,6,1,221
598027,5,3,2,87
501223,15,6,2,274
336043,9,5,1,88
548331,19,1,2,26
829764,20,3,2,187
548353,19,5,2,94
419152,11,5,2,248
419113,2,2,2,77
419163,16,5,1,1
598065,14,2,2,17
829736,16,6,2,154
336013,3,2,1,73
392203,11,6,2,171
548323,20,1,1,20
548329,11,2,1,81
598062,18,4,2,203
598062,17,5,2,203
419159,12,5,2,211
548346,6,6,1,171
548324,13,1,1,333
734008,3,1,2,310
501265,2,6,2,48
598056,18,5,1,166
335987,18,1,1,11
829736,17,1,1,354
733996,6,8,1,296
548340,15,1,1,31
598048,5,3,1,31
419138,16,3,1,109
419129,19,6,2,238
548347,14,1,1,61
392214,14,5,2,218
981024,20,3,2,394
598038,6,5,2,88
548311,8,5,2,201
598059,17,3,2,346
501223,13,7,1,286
598067,10,2,1,41
598013,18,2,1,239
548363,18,1,1,266
829822,20,7,1,201
392231,8,2,1,27
501205,12,3,1,8
336045,17,2,1,31
729298,4,3,2,303
336010,12,7,2,120
419170,20,3,2,186
598077,9,4,1,131
829828,12,6,1,322
598003,12,6,1,89
392239,18,7,1,29
501216,20,6,1,268
548326,14,4,1,82
829806,10,2,1,109
980914,19,3,2,411
980940,6,5,1,207
598073,7,1,2,346
419132,8,3,2,191
336016,14,3,1,32
335995,20,7,1,38
829774,4,1,2,208
734018,17,2,1,301
829828,1,5,1,19
598075,19,4,2,19
548359,19,2,2,6
598019,13,5,1,6
734004,9,6,2,8
729302,11,5,2,364
336009,2,5,2,79
980978,9,4,2,187
548350,3,6,1,297
734050,20,1,1,359
980926,12,2,1,136
548327,10,1,1,306
548351,9,3,2,136
392238,10,2,1,441
734022,5,2,2,19
501234,11,4,2,112
598078,18,4,2,221
335991,9,4,1,63
980960,15,5,2,320
548339,18,4,1,67
501264,20,6,1,131
548371,7,6,1,188
548349,6,3,2,95
829784,20,7,1,110
829822,14,5,2,221
419114,14,6,2,216
548367,9,3,2,260
734026,13,3,2,121
392194,8,7,2,73
392236,10,1,1,2
336029,9,2,1,146
598070,20,5,1,85
734026,6,1,1,299
501260,4,5,1,110
548358,4,4,2,63
548374,6,3,1,232
501243,10,6,2,285
419165,18,6,1,232
548322,18,4,2,194
419139,17,5,1,226
419170,19,6,2,20
335987,9,2,2,2
392193,16,3,1,158
598053,11,2,1,8
980972,5,5,2,88
419123,20,3,2,183
829794,9,4,1,57
548354,9,4,1,293
392238,11,5,1,104
598027,8,4,1,185
336042,9,3,2,70
501240,20,4,1,6
548381,5,2,1,260
335992,8,4,1,35
980926,17,2,1,350
336031,18,4,1,116
981024,14,5,2,385
980932,11,2,1,17
392238,5,7,2,35
733976,6,1,2,303
419131,12,2,2,178
548354,12,4,1,322
392187,1,6,2,81
734046,2,5,2,339
729284,17,1,2,276
829808,10,6,2,395
598017,19,1,2,283
392209,18,1,2,9
548378,18,6,2,266
829798,11,4,1,371
335996,2,4,1,80
501225,13,6,2,88
392214,18,6,1,147
548311,6,5,1,131
598023,5,2,2,166
336043,4,6,2,35
419112,6,1,2,133
548320,17,5,1,260
336037,15,1,1,135
336004,20,1,1,24
336004,13,3,1,24
419138,3,3,1,21
336043,9,5,1,135
392223,7,3,2,71
419149,19,2,2,82
392205,10,2,2,68
980926,1,8,2,270
501221,6,5,2,94
501258,10,5,2,62
548327,3,6,2,20
729300,20,2,1,166
734016,18,6,1,87
980936,20,4,1,158
829794,9,4,1,403
335995,3,6,1,33
501273,9,7,1,23
336018,20,4,2,108
419129,17,3,2,38
392220,10,1,2,43
419137,19,6,2,161
980974,15,2,1,366
419155,7,1,2,50
729304,20,7,1,114
548383,6,5,1,64
548361,14,5,2,26
501274,13,5,2,140
729302,9,2,1,85
734006,2,2,2,29
829742,19,3,1,246
829712,9,1,1,404
419159,12,4,1,75
548366,9,4,1,125
598076,1,6,1,85
501272,2,5,1,194
548354,12,5,2,132
598025,18,3,2,21
419158,15,4,1,186
392239,2,6,2,23
980980,3,3,1,254
419117,14,6,2,33
419166,1,5,1,83
598011,15,4,1,338
501252,19,3,1,33
733980,16,2,1,80
392221,4,4,1,66
501216,17,4,2,125
392230,20,4,1,154
501238,14,1,2,29
729286,3,6,1,110
501232,9,5,2,29
336015,8,3,1,94
419134,18,3,1,20
829816,16,4,2,80
598037,18,5,1,85
981010,7,6,2,62
829738,14,6,1,40
392189,13,2,1,165
980998,7,3,1,293
980946,20,6,1,419
419137,20,7,1,221
548351,6,3,1,57
419147,14,6,1,221
501248,18,5,2,136
829744,18,7,1,232
392223,5,5,2,154
336011,1,5,1,437
734034,4,3,1,366
335997,16,6,2,51
829766,10,5,2,192
548380,17,6,2,31
392189,4,4,1,53
829786,14,5,1,163
734050,17,4,1,35
501218,13,4,2,46
829778,9,1,1,322
598026,12,4,2,345
548320,20,6,2,151
501209,5,5,1,196
829800,19,2,2,382
981022,9,5,1,429
336034,14,2,2,8
336038,17,2,1,17
419123,13,6,1,62
501244,11,7,1,94
548311,10,5,1,304
980914,19,3,2,462
548352,13,3,2,21
336009,3,2,2,80
392205,10,2,2,161
980958,12,2,2,396
980988,15,6,1,351
501276,19,4,2,23
501238,20,6,1,17
980958,17,5,1,369
419138,7,5,2,10
501235,19,2,2,151
501275,11,4,2,283
598029,4,2,1,64
980920,19,4,1,31
598067,17,4,2,109
733996,9,5,1,27
980964,18,3,2,162
336039,14,2,1,58
392220,9,2,2,48
548358,18,4,2,40
981020,17,1,1,411
501213,20,2,1,268
548338,3,1,2,157
598019,12,4,1,309
829710,2,3,1,276
829798,4,5,1,15
419118,1,2,2,151
501240,13,1,1,192
419158,3,6,1,21
980974,3,2,1,366
392232,20,6,1,20
501213,12,1,2,26
501266,15,3,1,237
548322,12,1,2,126
598047,16,1,1,299
734046,15,3,2,351
598028,17,3,1,79
392229,16,1,2,21
829762,6,3,1,140
392207,13,5,1,36
598004,8,3,2,83
336029,5,2,2,44
548360,6,2,1,57
729304,12,3,1,109
548319,4,1,1,304
729298,16,4,2,21
829824,14,6,2,270
733994,17,2,1,339
392212,11,3,1,92
980994,5,3,1,31
829810,7,3,1,190
980942,2,4,1,71
419142,9,2,1,32
829770,9,4,1,308
335995,3,6,1,39
598074,20,1,1,362
598006,18,6,2,77
548328,18,5,1,31
548338,15,2,1,52
981020,7,6,2,394
980908,10,5,2,322
548348,14,2,2,4
734048,19,4,1,197
501256,18,3,1,133
392218,9,4,2,189
829822,20,7,1,322
548372,1,6,2,121
501239,5,3,1,284
501216,7,3,1,203
501243,7,3,1,104
598056,9,6,2,201
829810,6,4,2,81
980984,20,6,2,394
980906,11,6,1,85
729316,15,6,1,359
598059,17,3,2,8
729296,3,4,2,363
734006,19,5,1,360
981020,16,5,1,391
548338,12,6,2,191
980922,13,2,2,413
980924,18,5,1,412
829786,18,6,1,228
336031,7,1,1,89
392187,5,5,1,160
548320,17,2,1,121
981002,13,6,1,79
734048,15,3,1,197
598018,11,3,2,31
598021,14,1,2,4
501245,15,3,1,248
734048,12,6,2,31
501276,15,5,1,283
336009,16,1,1,91
501242,19,5,2,208
548315,15,2,1,183
501262,15,2,2,234
501221,13,3,2,112
336040,15,4,2,100
548351,13,1,1,304
501213,3,5,1,203
419166,3,5,1,87
598025,20,3,1,338
733984,20,4,1,96
336002,14,3,1,46
392238,5,7,2,192
548332,12,5,2,106
501256,16,2,1,50
598010,16,4,1,216
980908,6,3,1,67
392194,16,6,2,41
734022,6,3,2,207
501233,4,1,1,377
598078,20,1,1,364
598039,16,5,1,315
598011,1,6,1,348
419154,11,6,2,241
336044,2,3,1,122
829726,19,6,1,370
734022,15,3,1,80
336017,6,6,1,96
336018,15,6,2,121
336000,18,7,2,42
598030,18,1,1,333
598021,20,4,1,352
501213,2,6,2,93
419135,6,7,2,209
734010,9,1,1,185
829802,20,5,2,147
734026,20,6,1,166
598017,17,6,1,35
598017,18,7,1,350
729290,17,7,1,85
392212,15,1,2,106
548319,19,4,1,194
548329,19,4,1,79
548333,10,3,1,2
598045,19,2,1,73
598033,11,4,2,345
729292,17,3,1,301
980962,10,2,1,377
419161,20,5,1,231
501248,19,2,1,254
336038,18,4,2,38
598037,4,4,1,335
829758,12,4,2,71
336031,16,3,2,10
501218,14,3,1,232
729304,19,5,2,31
336037,13,1,1,42
598034,11,6,2,352
733980,16,2,1,351
335991,2,2,2,131
829728,20,1,1,96
419159,14,4,2,160
392244,19,6,2,54
598049,7,5,2,348
548357,19,4,2,109
729298,3,1,2,21
501266,20,3,2,186
392224,2,6,1,40
829828,19,2,2,81
548331,12,6,2,136
980944,3,5,2,303
419140,19,1,1,131
548332,13,6,1,260
598012,17,4,1,21
829826,5,1,1,322
392238,12,2,1,82
548335,16,5,1,83
419161,18,4,2,29
729322,3,4,1,50
598014,13,3,1,235
336041,19,4,1,75
501209,19,7,1,238
392189,11,4,1,165
501263,4,1,1,294
336012,15,5,1,143
501217,15,5,1,67
335999,11,3,1,59
501223,15,6,2,231
548370,3,1,2,6
829792,5,3,1,394
548374,19,1,1,41
419116,17,2,1,41
980938,19,7,2,136
980986,16,2,2,369
392228,7,2,1,131
829716,12,3,2,71
392214,18,6,1,97
548324,12,4,2,307
729292,17,3,1,110
336043,16,6,1,88
501246,18,5,1,273
501207,9,3,1,83
598055,14,3,1,9
392211,20,6,1,40
501260,3,4,2,40
548351,9,3,2,257
392231,18,6,1,77
733996,20,2,2,151
548339,18,5,2,280
729314,16,2,2,207
392211,6,4,1,223
419128,13,3,2,11
729314,9,6,1,267
729306,17,5,2,136
598078,20,1,1,23
548331,16,2,2,211
829762,7,3,1,8
392187,9,5,1,36
392193,8,1,1,8
419122,19,5,1,67
598046,11,3,2,35
419132,20,2,1,27
733990,3,3,1,96
392199,16,4,2,9
501261,20,7,2,42
829752,17,4,2,136
548340,17,2,2,154
598016,10,4,2,194
980998,18,6,2,57
548355,19,5,2,8
548384,14,3,2,20
336018,3,2,1,134
598034,2,2,1,382
829780,19,6,2,81
729302,8,2,1,48
734020,2,3,1,67
392187,12,2,2,14
419147,14,4,2,20
598053,11,2,1,61
980990,2,7,1,374
829734,4,4,1,147
548326,3,2,1,64
829718,17,1,1,362
501234,11,4,2,258
392196,17,4,1,24
734052,12,6,2,367
981022,5,1,2,2
392196,6,4,1,161
734046,20,6,1,50
548368,20,5,2,194
392229,6,4,1,8
336028,8,6,2,36
548357,19,4,1,26
336000,17,4,2,41
419157,10,3,1,40
392187,3,7,2,124
598033,12,3,1,190
419134,9,4,2,212
734050,19,4,1,73
392201,1,2,1,131
729304,19,5,2,232
733996,6,8,1,311
734052,13,8,1,4
419119,14,3,2,90
392217,6,3,1,48
829808,9,4,2,367
980924,11,1,1,364
336023,9,5,1,48
336028,19,4,2,101
981024,19,4,1,382
548352,5,6,1,9
392196,11,3,1,215
501257,19,3,1,239
598071,19,6,1,194
598003,15,2,2,262
336020,19,2,2,91
501223,2,4,2,235
336003,5,6,2,42
392187,12,1,2,81
598018,19,5,1,280
598003,2,4,2,262
548329,11,2,1,121
980946,20,6,1,100
598074,15,2,2,212
598011,1,1,2,88
392241,17,6,1,131
734032,13,3,2,96
335998,9,2,2,82
335990,14,3,1,52
419121,13,3,1,109
548369,3,1,1,21
548364,17,6,1,233
734016,5,4,2,89
980914,11,1,2,457
598015,14,6,2,64
419145,6,4,1,10
729310,14,6,1,306
729310,7,3,2,106
392244,15,3,2,56
548371,8,2,2,26
729306,17,4,2,254
829712,9,1,1,27
392224,8,3,1,40
733982,13,6,1,27
501250,6,6,2,62
829766,20,6,1,109
548326,10,4,2,258
548362,13,4,1,9
548319,2,4,1,50
981010,14,2,2,367
734052,13,1,2,305
598004,10,6,2,260
829774,11,4,1,314
501242,16,6,2,56
981022,2,1,2,14
729298,18,2,1,52
501216,7,3,1,15
829794,11,1,2,364
733998,9,5,1,136
501212,17,6,1,83
980984,16,2,1,430
501254,10,5,2,185
829796,20,2,2,387
335987,8,5,2,84
733976,6,2,2,303
598033,17,1,2,320
501256,4,6,2,53
548321,4,4,2,186
548317,2,6,2,196
392235,13,1,2,223
501230,4,3,1,277
392191,16,4,1,163
336007,20,2,1,124
980990,16,6,2,403
598067,1,2,2,19
548373,20,3,1,21
419132,15,2,2,236
419131,9,1,1,226
829814,1,6,2,62
829812,3,4,2,187
392209,5,4,1,153
501254,6,5,2,23
598048,8,1,2,204
419152,15,5,1,250
829828,19,5,1,35
548379,9,7,2,148
336012,15,5,1,70
336039,6,1,2,93
501261,16,3,2,154
501255,7,4,1,299
392225,10,3,1,183
392242,10,6,2,187
501203,19,6,2,20
419158,15,4,1,20
598047,7,3,1,174
734026,13,2,1,366
419154,7,4,2,136
598071,20,5,1,371
829796,4,3,2,387
981010,9,3,1,106
980998,10,3,2,403
548371,20,5,1,333
336045,13,4,1,33
392211,19,6,2,18
598068,13,4,1,277
548356,14,3,1,299
392229,4,3,1,52
335997,16,6,2,15
392210,15,1,2,57
729302,2,3,2,20
501209,1,3,1,38
336043,10,5,2,38
392211,18,2,1,223
392221,4,4,1,68
548346,6,6,1,307
548332,18,5,1,135
733992,1,5,2,374
336014,7,1,2,87
335993,20,2,1,42
829766,20,6,1,87
981008,7,4,1,15
734008,8,7,1,21
734012,12,2,1,197
829794,11,1,2,2
548321,4,4,2,303
392219,17,6,1,78
734026,20,6,1,366
419125,17,2,2,53
501237,19,3,1,272
829772,13,3,2,406
392239,19,5,2,21
392189,17,3,1,165
734008,11,4,1,2
548366,6,4,1,185
598066,20,3,1,214
729322,5,6,1,379
548311,6,5,1,304
336033,9,3,2,139
548371,5,4,2,211
598023,20,6,1,48
419112,17,7,1,211
733984,16,1,2,32
501215,20,4,1,259
392190,13,4,2,23
501231,19,3,2,125
392215,6,6,2,39
335998,3,4,1,18
980946,3,5,2,377
501235,15,2,2,87
980972,4,1,2,254
392240,17,4,2,442
980950,11,4,2,2
734026,17,1,2,110
501205,12,3,1,110
733990,9,6,1,46
336021,20,6,1,139
981006,5,2,1,186
548360,19,7,2,303
419113,2,2,1,91
419131,14,3,1,211
598006,20,3,1,262
829770,17,5,2,147
335997,20,2,1,74
981016,6,3,1,32
501231,20,1,2,19
392228,17,6,2,187
392211,19,4,1,73
336032,2,6,2,103
501242,16,6,2,208
419123,18,1,1,203
392207,12,1,1,39
336015,12,2,1,8
419162,6,6,1,9
419168,20,2,2,201
392205,4,5,1,194
419168,5,5,1,256
734046,10,2,2,310
829812,10,3,1,382
829804,9,6,2,42
501256,19,1,1,178
829826,8,1,1,21
419165,9,6,1,232
598052,14,6,1,309
729318,8,1,2,114
392234,20,3,1,56
392228,20,1,1,61
829816,9,1,2,310
980956,3,6,2,408
829718,17,2,1,397
501242,16,6,2,246
981014,16,1,2,315
419123,18,3,1,106
829808,7,4,2,329
829712,3,3,2,71
501271,19,5,1,33
980988,19,6,1,154
335997,1,4,2,52
829750,16,2,1,214
419147,9,6,1,210
729300,16,3,1,354
981010,9,3,1,79
548348,18,4,1,71
829734,15,6,1,2
419113,2,2,1,88
734054,17,3,2,392
548379,2,1,1,29
598060,20,3,1,305
548321,4,1,1,190
729314,19,4,1,63
829796,20,2,2,329
829772,3,6,1,136
336012,1,6,1,61
501272,18,3,1,57
336025,3,1,2,88
548382,14,8,1,50
501211,6,5,2,58
829728,9,2,2,2
598056,20,5,2,201
501259,5,4,2,17
501229,8,4,2,57
548316,7,2,2,248
548318,4,2,2,295
392193,19,6,1,158
501235,7,4,2,9
598064,1,3,2,41
829764,9,2,2,42
336014,7,1,2,117
419120,17,4,1,46
598051,16,2,2,147
336032,15,4,1,39
980912,9,4,2,237
829716,9,1,1,187
598061,15,5,1,236
392229,6,4,1,6
829738,19,6,1,67
598021,20,3,2,321
501250,20,6,1,9
980958,18,2,1,110
501204,6,3,1,255
335992,18,4,1,69
501246,3,3,1,171
548350,14,7,2,190
419129,20,5,1,77
734010,13,3,1,260
734030,10,2,1,19
335998,20,6,1,119
729298,10,2,2,35
548370,3,1,2,39
501212,17,1,1,46
392206,9,6,1,41
980934,14,1,1,299
419129,20,5,1,161
829820,2,1,1,57
729292,18,2,1,110
548379,9,7,2,167
598040,18,3,2,41
548311,10,5,1,133
419167,2,6,1,52
419117,20,3,1,8
419148,16,2,1,230
392224,1,7,1,223
392239,5,5,1,27
336012,6,4,1,232
733984,7,3,1,315
598052,16,2,1,6
392213,3,7,2,44
335997,7,3,1,36
336012,4,4,1,53
501216,17,3,1,269
980936,16,6,2,311
419123,20,3,2,31
392197,19,4,1,50
501275,11,4,1,194
981020,19,7,1,96
829718,11,6,2,67
336003,15,6,1,15
598055,14,3,1,214
598015,18,5,1,26
598072,17,6,2,46
548338,12,6,2,1
419159,14,4,2,32
419162,5,5,2,221
729284,18,6,1,208
980984,20,3,2,27
734054,7,1,2,151
548375,17,4,2,31
419167,2,6,1,46
392217,2,4,2,53
501209,1,3,1,252
419112,6,1,2,286
829726,19,6,1,350
548349,1,6,2,140
729302,11,1,1,351
392242,14,4,2,110
598025,13,2,2,109
548333,3,6,1,315
598028,6,2,1,239
501232,9,5,2,199
419134,19,1,2,183
733982,7,4,2,42
734048,9,2,1,305
729304,20,7,1,382
501226,20,2,1,125
419143,16,3,2,71
501266,15,3,1,17
419156,1,1,2,256
729300,20,2,2,62
392217,18,1,2,188
980964,2,3,1,232
419158,16,5,1,121
980958,18,2,1,296
981020,20,5,2,27
392193,11,3,2,55
419117,14,6,2,77
336045,7,4,2,20
598038,14,5,2,88
729294,16,6,2,9
734048,20,5,1,62
501262,15,2,1,199
733998,7,3,1,183
501260,6,3,1,15
598075,16,5,2,364
501275,8,6,2,175
829722,16,3,1,81
501231,19,5,2,19
548323,20,2,2,81
336009,18,3,2,46
598052,20,5,1,6
734014,16,7,1,315
392214,14,5,2,23
336019,1,4,1,53
336045,7,4,2,127
548362,20,5,1,116
980910,20,3,1,71
980978,4,4,2,42
548353,12,4,2,17
419168,18,4,2,109
548327,20,2,1,171
392215,17,6,1,24
419129,18,4,2,31
419135,17,4,1,206
733996,12,4,1,296
981016,15,4,1,32
548323,18,7,2,8
548311,18,1,1,50
548360,20,6,1,88
598014,15,2,1,191
392211,16,5,2,21
598046,12,1,1,333
829722,14,4,2,305
598021,1,1,2,120
501268,20,4,1,47
501253,8,4,1,96
548365,14,6,1,311
392217,15,1,2,178
501258,11,2,1,29
548351,8,2,1,323
734048,12,6,2,284
501206,18,4,1,263
598058,18,6,2,9
501273,17,4,2,139
501255,19,5,1,253
336013,16,5,1,80
419167,12,4,2,221
336005,14,5,2,33
501223,18,2,1,246
734048,2,1,2,96
598062,5,3,1,89
729314,2,4,1,63
734052,13,8,1,35
829802,6,3,2,201
548376,5,3,1,14
598049,7,5,2,41
392234,20,3,1,188
829822,19,6,2,194
598047,17,3,2,121
548320,6,5,2,214
598046,19,3,1,14
548358,19,3,2,315
501241,13,3,1,154
829790,1,5,2,236
392209,18,1,2,177
419158,3,2,1,109
734024,3,4,1,387
336031,5,6,1,91
392233,10,2,2,1
598077,17,3,2,309
392213,4,4,1,177
501220,11,3,2,23
980910,17,5,2,364
419156,1,5,1,96
598075,16,5,2,71
419135,8,3,1,131
392196,7,4,2,81
980986,4,4,1,221
419122,20,2,1,29
734032,13,3,2,31
419169,7,1,1,94
548318,13,5,2,96
548386,17,2,2,451
501241,19,1,2,186
548326,10,4,2,326
392228,18,2,1,57
419145,16,5,2,241
598020,15,1,1,21
548368,2,2,2,147
980966,11,6,1,339
980916,14,1,2,201
598023,18,2,2,327
548383,16,6,1,183
548377,5,2,2,8
392209,5,4,1,24
598064,4,2,1,345
598037,7,1,1,32
501262,10,5,2,67
548366,6,4,1,451
980952,7,5,2,346
829766,10,5,2,46
829730,16,6,1,191
392238,10,1,2,192
336044,10,5,1,121
548358,7,4,2,315
335998,3,3,1,119
829828,12,6,1,71
392188,6,7,1,91
548370,15,1,2,255
829814,19,6,1,73
734000,12,5,1,359
392196,6,4,1,64
548332,6,6,2,157
419115,18,2,1,217
336038,12,1,1,109
734038,18,5,2,62
336007,16,5,2,111
392214,15,4,2,18
335987,6,2,1,13
729298,5,2,2,2
501274,18,6,2,87
336004,12,5,1,24
392190,14,3,2,151
980990,14,3,1,364
734040,5,2,2,378
980908,10,5,2,408
501231,13,6,2,201
829770,13,2,2,71
501219,7,6,2,52
733992,8,4,2,83
419119,18,4,1,171
501207,9,3,2,67
548323,11,3,2,317
336012,17,1,2,119
829816,14,2,2,255
392216,13,7,1,110
829736,16,6,2,393
598073,8,4,2,349
734014,3,2,1,232
980948,1,4,1,253
548316,15,3,2,185
980910,12,5,2,320
501225,5,2,1,266
501238,10,4,2,232
598063,13,5,1,85
419133,4,3,1,216
980908,6,3,1,308
548381,20,2,2,136
548329,19,4,1,270
392226,10,2,2,83
980964,20,6,1,46
419116,4,4,2,74
419150,19,5,1,256
598068,20,3,1,277
548378,18,2,1,331
419145,10,4,1,52
980946,15,3,1,345
548318,5,6,1,228
598023,13,3,2,94
392207,20,3,2,36
501224,18,4,2,104
598039,19,4,2,19
980968,1,4,2,276
419125,10,2,1,41
419139,9,3,1,230
548315,12,4,2,175
336017,12,4,1,48
548332,6,6,2,171
598046,11,3,2,71
598008,20,6,1,53
392227,4,2,1,194
392224,12,2,1,89
729306,12,2,2,254
392208,20,3,2,180
501237,12,4,2,8
598037,2,6,1,85
980966,15,5,2,88
392210,2,6,2,53
336010,11,1,2,119
598029,4,2,1,177
335997,10,4,1,36
829814,1,6,2,374
829824,16,6,2,311
598017,19,1,2,349
501246,11,6,1,235
829810,6,4,2,383
729296,2,4,2,80
734000,18,4,1,147
419149,14,1,1,175
419167,2,6,1,14
734022,6,3,2,221
548311,20,5,1,208
548342,3,5,2,73
336014,10,3,2,87
419168,14,2,1,250
501247,2,5,1,87
548374,6,3,1,41
419139,17,5,1,238
548353,12,4,2,10
336028,14,5,2,74
980946,15,6,2,413
501218,9,3,1,187
501212,5,5,1,274
598027,5,3,2,89
336010,8,5,1,36
598021,1,1,2,14
